"species","species_label","sampler","realization","status","N_pres_total","N_pres_used","N_pseudo","overlap","rel_cov_PC1","rel_cov_PC2","rel_cov_PC3","rel_cov_PC4","rel_cov_PC5","prop_true_abs"
"sp1_generalist_common","Generalist · common","random",1,"ok",2302,300,300,214.28097,0.8899,0.8694,0.5693,0.5316,0.3909,0.8633
"sp1_generalist_common","Generalist · common","random",2,"ok",2321,300,300,237.325576,0.922,0.9809,0.6419,0.6902,0.7127,0.85
"sp1_generalist_common","Generalist · common","random",3,"ok",2312,300,300,187.852938,0.8924,0.8477,0.6645,0.556,0.4648,0.85
"sp1_generalist_common","Generalist · common","random",4,"ok",2299,300,300,248.7856,0.9315,0.9447,0.5917,0.53,0.5141,0.85
"sp1_generalist_common","Generalist · common","random",5,"ok",2305,300,300,191.831643,0.8811,0.9154,0.6864,0.5478,0.4946,0.8667
"sp1_generalist_common","Generalist · common","random",6,"ok",2349,300,300,217.167098,0.8544,0.8705,0.7403,0.7037,0.7702,0.8867
"sp1_generalist_common","Generalist · common","random",7,"ok",2300,300,300,220.721587,0.8221,0.9221,0.6881,0.8515,0.4973,0.85
"sp1_generalist_common","Generalist · common","random",8,"ok",2323,300,300,198.205285,0.9005,0.8052,0.7294,0.719,0.6585,0.8633
"sp1_generalist_common","Generalist · common","random",9,"ok",2344,300,300,206.959602,0.9768,0.8843,0.6759,0.6343,0.5343,0.8833
"sp1_generalist_common","Generalist · common","random",10,"ok",2321,300,300,205.806755,0.972,0.8792,0.592,0.584,0.6371,0.86
"sp1_generalist_common","Generalist · common","random",11,"ok",2271,300,300,201.045065,0.8519,0.7453,0.5872,0.7148,0.5445,0.8367
"sp1_generalist_common","Generalist · common","random",12,"ok",2323,300,300,229.309119,0.8962,0.9341,0.725,0.8026,0.5042,0.8267
"sp1_generalist_common","Generalist · common","random",13,"ok",2333,300,300,208.582877,0.8569,0.8802,0.5929,0.6905,0.7034,0.8433
"sp1_generalist_common","Generalist · common","random",14,"ok",2283,300,300,233.545121,0.8478,0.9429,0.6711,0.621,0.4602,0.8667
"sp1_generalist_common","Generalist · common","random",15,"ok",2322,300,300,224.699831,0.8367,0.8069,0.7067,0.6679,0.5585,0.88
"sp1_generalist_common","Generalist · common","random",16,"ok",2275,300,300,201.157968,0.8451,0.7881,0.6988,0.708,0.6131,0.8467
"sp1_generalist_common","Generalist · common","random",17,"ok",2291,300,300,189.056701,0.8683,0.8386,0.638,0.6581,0.3871,0.8733
"sp1_generalist_common","Generalist · common","random",18,"ok",2312,300,300,214.575215,0.8817,0.8504,0.7055,0.5616,0.6182,0.8433
"sp1_generalist_common","Generalist · common","random",19,"ok",2340,300,300,199.52754,0.8051,0.913,0.6098,0.6963,0.5707,0.8633
"sp1_generalist_common","Generalist · common","random",20,"ok",2310,300,300,214.91049,0.876,0.7919,0.6216,0.6516,0.491,0.8433
"sp1_generalist_common","Generalist · common","random",21,"ok",2268,300,300,203.095976,0.8844,0.8539,0.5753,0.6766,0.5846,0.88
"sp1_generalist_common","Generalist · common","random",22,"ok",2316,300,300,237.253876,0.8986,0.8945,0.6931,0.6991,0.5199,0.8267
"sp1_generalist_common","Generalist · common","random",23,"ok",2320,300,300,214.044904,0.9031,0.9339,0.6747,0.6719,0.5291,0.8267
"sp1_generalist_common","Generalist · common","random",24,"ok",2333,300,300,224.519041,0.9245,0.9489,0.6417,0.5609,0.574,0.8667
"sp1_generalist_common","Generalist · common","random",25,"ok",2293,300,300,203.961177,0.9092,0.9146,0.5914,0.5637,0.5045,0.89
"sp1_generalist_common","Generalist · common","random",26,"ok",2280,300,300,196.413815,0.8461,0.8728,0.7189,0.6115,0.5933,0.8333
"sp1_generalist_common","Generalist · common","random",27,"ok",2292,300,300,204.370485,0.8605,0.8872,0.5554,0.6853,0.4777,0.8633
"sp1_generalist_common","Generalist · common","random",28,"ok",2310,300,300,194.783281,0.9205,0.8861,0.5816,0.7488,0.587,0.8067
"sp1_generalist_common","Generalist · common","random",29,"ok",2311,300,300,194.793234,0.9534,0.9323,0.6401,0.5093,0.5444,0.88
"sp1_generalist_common","Generalist · common","random",30,"ok",2351,300,300,204.723973,0.884,0.8492,0.8287,0.617,0.6224,0.8533
"sp1_generalist_common","Generalist · common","random",31,"ok",2353,300,300,217.581491,0.8877,0.8229,0.7133,0.5425,0.513,0.85
"sp1_generalist_common","Generalist · common","random",32,"ok",2254,300,300,248.191429,0.9254,0.8922,0.9225,0.8081,0.6606,0.8567
"sp1_generalist_common","Generalist · common","random",33,"ok",2257,300,300,189.487676,0.8642,0.9011,0.6856,0.5385,0.602,0.8533
"sp1_generalist_common","Generalist · common","random",34,"ok",2315,300,300,208.248346,0.8938,0.8615,0.8817,0.6498,0.6101,0.82
"sp1_generalist_common","Generalist · common","random",35,"ok",2275,300,300,209.36935,0.8882,0.8759,0.6667,0.7073,0.6621,0.84
"sp1_generalist_common","Generalist · common","random",36,"ok",2342,300,300,204.661779,0.946,0.9208,0.5486,0.5009,0.3512,0.86
"sp1_generalist_common","Generalist · common","random",37,"ok",2283,300,300,195.140125,0.8972,0.89,0.7211,0.5875,0.8548,0.87
"sp1_generalist_common","Generalist · common","random",38,"ok",2329,300,300,232.243767,0.8328,0.9005,0.6702,0.6469,0.4858,0.8967
"sp1_generalist_common","Generalist · common","random",39,"ok",2339,300,300,187.609834,0.8719,0.8465,0.6185,0.5672,0.4997,0.84
"sp1_generalist_common","Generalist · common","random",40,"ok",2302,300,300,231.203785,0.9295,0.8205,0.5696,0.6674,0.3871,0.87
"sp1_generalist_common","Generalist · common","random",41,"ok",2342,300,300,215.471016,0.9324,0.8761,0.6834,0.8619,0.7812,0.8467
"sp1_generalist_common","Generalist · common","random",42,"ok",2303,300,300,204.423287,0.8285,0.8313,0.5849,0.6148,0.5916,0.87
"sp1_generalist_common","Generalist · common","random",43,"ok",2319,300,300,193.48617,0.892,0.8453,0.702,0.8248,0.5375,0.8667
"sp1_generalist_common","Generalist · common","random",44,"ok",2265,300,300,219.848462,0.8701,0.8473,0.6498,0.6279,0.4812,0.8867
"sp1_generalist_common","Generalist · common","random",45,"ok",2328,300,300,217.052801,0.9334,0.9805,0.5707,0.6763,0.6703,0.8167
"sp1_generalist_common","Generalist · common","random",46,"ok",2257,300,300,244.911957,0.9219,0.9628,0.6679,0.5829,0.5951,0.8233
"sp1_generalist_common","Generalist · common","random",47,"ok",2256,300,300,213.771358,0.85,0.8032,0.8692,0.7395,0.6876,0.8933
"sp1_generalist_common","Generalist · common","random",48,"ok",2300,300,300,225.478561,0.9455,0.9012,0.6533,0.5361,0.503,0.86
"sp1_generalist_common","Generalist · common","random",49,"ok",2300,300,300,231.278414,0.8947,0.8594,0.678,0.8305,0.5222,0.85
"sp1_generalist_common","Generalist · common","random",50,"ok",2319,300,300,246.14636,0.9028,0.8036,0.5985,0.65,0.4784,0.83
"sp1_generalist_common","Generalist · common","buffer",1,"ok",2302,300,300,163.629847,0.9556,0.9237,0.8315,0.7683,0.5575,0.9667
"sp1_generalist_common","Generalist · common","buffer",2,"ok",2321,300,300,177.784344,0.8671,0.8899,0.5511,0.6522,0.6291,0.9667
"sp1_generalist_common","Generalist · common","buffer",3,"ok",2312,300,300,115.963225,0.9229,0.9028,0.6695,0.5912,0.5126,0.98
"sp1_generalist_common","Generalist · common","buffer",4,"ok",2299,300,300,201.866241,0.9154,0.9232,0.9813,0.851,0.6434,0.96
"sp1_generalist_common","Generalist · common","buffer",5,"ok",2305,300,300,117.968287,0.9021,0.876,0.6297,0.6162,0.6711,0.9867
"sp1_generalist_common","Generalist · common","buffer",6,"ok",2349,300,300,157.939037,0.9573,0.9063,0.5904,0.6138,0.4692,0.9667
"sp1_generalist_common","Generalist · common","buffer",7,"ok",2300,300,300,148.630788,0.8823,0.9076,0.5277,0.6494,0.5446,0.9767
"sp1_generalist_common","Generalist · common","buffer",8,"ok",2323,300,300,143.190901,0.907,0.8925,0.5701,0.7403,0.6249,0.9733
"sp1_generalist_common","Generalist · common","buffer",9,"ok",2344,300,300,147.125038,0.8904,0.8588,0.6947,0.658,0.4217,0.96
"sp1_generalist_common","Generalist · common","buffer",10,"ok",2321,300,300,147.369283,0.8961,0.9308,0.7726,0.5816,0.5718,0.9867
"sp1_generalist_common","Generalist · common","buffer",11,"ok",2271,300,300,129.622518,0.9117,0.8627,0.9467,0.8002,0.6232,0.9767
"sp1_generalist_common","Generalist · common","buffer",12,"ok",2323,300,300,152.934225,0.8872,0.8629,0.7183,0.6815,0.6493,0.9767
"sp1_generalist_common","Generalist · common","buffer",13,"ok",2333,300,300,143.795187,0.9275,0.861,0.8156,0.9713,0.7714,0.9533
"sp1_generalist_common","Generalist · common","buffer",14,"ok",2283,300,300,169.795638,0.9429,0.9296,0.9249,0.6442,0.6612,0.9667
"sp1_generalist_common","Generalist · common","buffer",15,"ok",2322,300,300,147.943636,0.9149,0.9124,0.7559,0.6913,0.8368,0.97
"sp1_generalist_common","Generalist · common","buffer",16,"ok",2275,300,300,129.300807,0.9881,0.9386,0.6487,0.6726,0.6327,0.9867
"sp1_generalist_common","Generalist · common","buffer",17,"ok",2291,300,300,149.710391,0.9262,0.9845,0.6921,0.6574,0.7249,0.9567
"sp1_generalist_common","Generalist · common","buffer",18,"ok",2312,300,300,129.280642,0.9066,0.8525,0.614,0.6265,0.5354,0.97
"sp1_generalist_common","Generalist · common","buffer",19,"ok",2340,300,300,146.712575,0.9494,0.8911,0.6258,0.7388,0.5434,0.9733
"sp1_generalist_common","Generalist · common","buffer",20,"ok",2310,300,300,173.070744,0.9174,0.8278,0.5343,0.7198,0.4432,0.96
"sp1_generalist_common","Generalist · common","buffer",21,"ok",2268,300,300,133.466255,0.9203,0.8202,0.6409,0.8058,0.5025,0.9667
"sp1_generalist_common","Generalist · common","buffer",22,"ok",2316,300,300,156.001287,0.8434,0.8369,0.6923,0.6997,0.7028,0.98
"sp1_generalist_common","Generalist · common","buffer",23,"ok",2320,300,300,135.62043,0.9463,0.9449,0.6208,0.6924,0.4877,0.9733
"sp1_generalist_common","Generalist · common","buffer",24,"ok",2333,300,300,148.556698,0.8747,0.883,0.5598,0.7514,0.5493,0.9767
"sp1_generalist_common","Generalist · common","buffer",25,"ok",2293,300,300,146.428967,0.8984,0.9043,0.6124,0.7346,0.495,0.96
"sp1_generalist_common","Generalist · common","buffer",26,"ok",2280,300,300,142.58109,0.9103,0.9077,0.6443,0.6443,0.5954,0.9567
"sp1_generalist_common","Generalist · common","buffer",27,"ok",2292,300,300,172.354657,0.9262,0.8896,0.6061,0.701,0.4751,0.98
"sp1_generalist_common","Generalist · common","buffer",28,"ok",2310,300,300,115.746469,0.8872,0.8376,0.7653,0.6318,0.6983,0.97
"sp1_generalist_common","Generalist · common","buffer",29,"ok",2311,300,300,133.440977,0.916,0.8309,0.6697,0.6884,0.7941,0.96
"sp1_generalist_common","Generalist · common","buffer",30,"ok",2351,300,300,139.578539,0.9359,0.8985,0.686,0.7665,0.6774,0.9667
"sp1_generalist_common","Generalist · common","buffer",31,"ok",2353,300,300,155.502774,0.8823,0.8044,0.6556,0.7923,0.5894,0.9733
"sp1_generalist_common","Generalist · common","buffer",32,"ok",2254,300,300,173.288927,0.8873,0.8853,0.6506,0.6875,0.5529,0.9767
"sp1_generalist_common","Generalist · common","buffer",33,"ok",2257,300,300,126.343898,0.9519,0.906,0.5994,0.6705,0.7508,0.9767
"sp1_generalist_common","Generalist · common","buffer",34,"ok",2315,300,300,139.038298,0.8649,0.8714,0.6888,0.5436,0.5424,0.9733
"sp1_generalist_common","Generalist · common","buffer",35,"ok",2275,300,300,128.820367,0.9353,0.8893,0.575,0.6749,0.4625,0.9767
"sp1_generalist_common","Generalist · common","buffer",36,"ok",2342,300,300,146.560911,0.9334,0.9066,0.5905,0.6342,0.6193,0.97
"sp1_generalist_common","Generalist · common","buffer",37,"ok",2283,300,300,147.943677,0.9437,0.867,0.8272,0.9381,0.7744,0.9667
"sp1_generalist_common","Generalist · common","buffer",38,"ok",2329,300,300,137.785971,0.8767,0.9073,0.6822,0.7182,0.5487,0.9767
"sp1_generalist_common","Generalist · common","buffer",39,"ok",2339,300,300,143.820699,0.9242,0.8885,0.8695,0.6595,0.6911,0.9733
"sp1_generalist_common","Generalist · common","buffer",40,"ok",2302,300,300,165.686673,0.8861,0.8353,0.5353,0.6571,0.4952,0.98
"sp1_generalist_common","Generalist · common","buffer",41,"ok",2342,300,300,169.373991,0.8663,0.9102,0.6867,0.6727,0.5362,0.9533
"sp1_generalist_common","Generalist · common","buffer",42,"ok",2303,300,300,147.593836,0.7968,0.7622,0.7264,0.6202,0.4799,0.96
"sp1_generalist_common","Generalist · common","buffer",43,"ok",2319,300,300,120.317095,0.9137,0.8377,0.7019,0.6762,0.4887,0.9767
"sp1_generalist_common","Generalist · common","buffer",44,"ok",2265,300,300,142.997903,0.9375,0.9161,0.6575,0.7219,0.581,0.98
"sp1_generalist_common","Generalist · common","buffer",45,"ok",2328,300,300,157.2996,0.8558,0.8446,0.7745,0.6969,0.7873,0.9533
"sp1_generalist_common","Generalist · common","buffer",46,"ok",2257,300,300,157.413251,0.9073,0.8831,0.6334,0.6582,0.463,0.98
"sp1_generalist_common","Generalist · common","buffer",47,"ok",2256,300,300,151.642015,0.9568,0.828,0.5554,0.5963,0.4814,0.96
"sp1_generalist_common","Generalist · common","buffer",48,"ok",2300,300,300,157.570436,0.9013,0.8954,0.6965,0.5877,0.4437,0.9733
"sp1_generalist_common","Generalist · common","buffer",49,"ok",2300,300,300,145.234972,0.9212,0.8917,0.591,0.759,0.5063,0.9733
"sp1_generalist_common","Generalist · common","buffer",50,"ok",2319,300,300,179.185079,0.9039,0.8666,0.7174,0.6421,0.6553,0.9833
"sp1_generalist_common","Generalist · common","mcmc",1,"ok",2302,300,300,171.105775,0.9625,0.9682,0.9803,0.8934,0.8567,0.97
"sp1_generalist_common","Generalist · common","mcmc",2,"ok",2321,300,300,193.194414,0.9509,0.927,0.8468,0.7533,0.7524,0.9533
"sp1_generalist_common","Generalist · common","mcmc",3,"ok",2312,300,300,160.280473,0.9579,0.8992,0.7588,0.8515,0.8197,0.94
"sp1_generalist_common","Generalist · common","mcmc",4,"ok",2299,300,300,215.809812,0.9255,0.956,0.9803,0.959,0.8487,0.9733
"sp1_generalist_common","Generalist · common","mcmc",5,"ok",2305,300,300,154.805605,0.9354,0.9457,0.9609,0.8591,0.7878,0.9833
"sp1_generalist_common","Generalist · common","mcmc",6,"ok",2349,300,300,135.583796,0.9487,0.9501,0.9255,0.9526,0.878,0.9867
"sp1_generalist_common","Generalist · common","mcmc",7,"ok",2300,300,300,192.582009,0.9848,0.9805,0.8335,0.8736,0.7801,0.97
"sp1_generalist_common","Generalist · common","mcmc",8,"ok",2323,300,300,168.560938,0.9429,0.9936,0.8768,0.9907,0.7609,0.97
"sp1_generalist_common","Generalist · common","mcmc",9,"ok",2344,300,300,157.964916,0.9661,0.9381,0.9813,0.8484,0.8274,0.9767
"sp1_generalist_common","Generalist · common","mcmc",10,"ok",2321,300,300,179.918848,0.9885,0.9485,0.8296,0.9642,0.8091,0.9567
"sp1_generalist_common","Generalist · common","mcmc",11,"ok",2271,300,300,143.931066,0.9149,0.9142,0.8871,0.8758,0.7612,0.9667
"sp1_generalist_common","Generalist · common","mcmc",12,"ok",2323,300,300,196.791979,0.9836,0.9672,0.9813,0.9683,0.7954,0.9633
"sp1_generalist_common","Generalist · common","mcmc",13,"ok",2333,300,300,157.484518,0.9497,0.9103,0.9013,0.9933,0.8091,0.9733
"sp1_generalist_common","Generalist · common","mcmc",14,"ok",2283,300,300,167.650343,0.9664,0.9936,0.9609,0.8684,0.7878,0.9667
"sp1_generalist_common","Generalist · common","mcmc",15,"ok",2322,300,300,167.340431,1,0.9572,0.9471,0.9477,0.8487,0.9633
"sp1_generalist_common","Generalist · common","mcmc",16,"ok",2275,300,300,149.942987,0.924,0.9698,1,0.8335,0.8827,0.9733
"sp1_generalist_common","Generalist · common","mcmc",17,"ok",2291,300,300,153.517458,0.969,0.914,0.9207,0.9907,0.878,0.9867
"sp1_generalist_common","Generalist · common","mcmc",18,"ok",2312,300,300,179.341883,0.965,0.9472,0.9211,0.7583,0.8286,0.9667
"sp1_generalist_common","Generalist · common","mcmc",19,"ok",2340,300,300,171.000086,0.9592,0.913,0.9803,0.7864,0.8567,0.9633
"sp1_generalist_common","Generalist · common","mcmc",20,"ok",2310,300,300,184.828138,0.9836,1,0.9803,0.8289,0.8274,0.9767
"sp1_generalist_common","Generalist · common","mcmc",21,"ok",2268,300,300,149.562178,0.949,0.8755,0.8586,0.9683,0.8487,0.98
"sp1_generalist_common","Generalist · common","mcmc",22,"ok",2316,300,300,196.389477,0.9274,0.9389,0.9207,0.9683,0.8487,0.9667
"sp1_generalist_common","Generalist · common","mcmc",23,"ok",2320,300,300,178.046503,0.9437,0.8533,0.9136,0.9907,0.8091,0.97
"sp1_generalist_common","Generalist · common","mcmc",24,"ok",2333,300,300,146.818841,0.9559,0.9608,0.9803,0.8484,0.8567,0.9567
"sp1_generalist_common","Generalist · common","mcmc",25,"ok",2293,300,300,171.838202,0.9003,0.9185,0.906,0.9477,0.878,0.9767
"sp1_generalist_common","Generalist · common","mcmc",26,"ok",2280,300,300,151.800503,0.9596,0.9287,0.9656,0.9683,0.8777,0.9833
"sp1_generalist_common","Generalist · common","mcmc",27,"ok",2292,300,300,157.971298,0.9294,0.8961,0.8586,1,0.878,0.9733
"sp1_generalist_common","Generalist · common","mcmc",28,"ok",2310,300,300,167.347311,0.9709,0.9936,0.9813,0.9907,0.7814,0.96
"sp1_generalist_common","Generalist · common","mcmc",29,"ok",2311,300,300,158.507404,1,0.9783,0.8313,0.8779,0.8329,0.9733
"sp1_generalist_common","Generalist · common","mcmc",30,"ok",2351,300,300,177.977372,0.9848,0.9585,0.9803,0.8462,0.8274,0.97
"sp1_generalist_common","Generalist · common","mcmc",31,"ok",2353,300,300,154.58075,0.9848,0.9889,0.9803,0.9001,0.7741,0.9767
"sp1_generalist_common","Generalist · common","mcmc",32,"ok",2254,300,300,215.087261,0.9319,0.9525,0.9845,0.7944,0.8564,0.9467
"sp1_generalist_common","Generalist · common","mcmc",33,"ok",2257,300,300,150.352284,0.9881,0.9503,0.8697,0.8934,0.7454,0.9733
"sp1_generalist_common","Generalist · common","mcmc",34,"ok",2315,300,300,178.594605,0.9499,0.9264,0.9813,0.9001,0.8274,0.9667
"sp1_generalist_common","Generalist · common","mcmc",35,"ok",2275,300,300,181.029098,0.965,0.8929,0.893,0.9001,0.7873,0.96
"sp1_generalist_common","Generalist · common","mcmc",36,"ok",2342,300,300,158.211699,0.9565,0.9319,0.9851,0.9683,0.878,0.9767
"sp1_generalist_common","Generalist · common","mcmc",37,"ok",2283,300,300,154.208339,0.9145,0.9208,0.9207,1,0.8334,0.9767
"sp1_generalist_common","Generalist · common","mcmc",38,"ok",2329,300,300,174.608142,0.9463,0.956,0.8628,0.9736,0.7954,0.98
"sp1_generalist_common","Generalist · common","mcmc",39,"ok",2339,300,300,148.954508,0.9828,0.993,0.9217,0.9683,0.8487,0.97
"sp1_generalist_common","Generalist · common","mcmc",40,"ok",2302,300,300,178.386563,0.9625,0.954,0.9207,0.9736,0.878,0.9833
"sp1_generalist_common","Generalist · common","mcmc",41,"ok",2342,300,300,171.949216,0.9498,0.8844,0.8077,0.7775,0.7801,0.9733
"sp1_generalist_common","Generalist · common","mcmc",42,"ok",2303,300,300,181.700876,0.969,0.9508,0.8219,0.8686,0.7612,0.96
"sp1_generalist_common","Generalist · common","mcmc",43,"ok",2319,300,300,157.119765,0.9388,0.9367,0.9563,0.9593,0.878,0.9733
"sp1_generalist_common","Generalist · common","mcmc",44,"ok",2265,300,300,170.968998,0.9713,0.9649,0.7632,0.8686,0.8197,0.97
"sp1_generalist_common","Generalist · common","mcmc",45,"ok",2328,300,300,185.99099,0.9207,0.9212,0.9666,1,0.8432,0.9367
"sp1_generalist_common","Generalist · common","mcmc",46,"ok",2257,300,300,161.808681,0.9212,0.9255,0.7895,0.8779,0.7664,0.9833
"sp1_generalist_common","Generalist · common","mcmc",47,"ok",2256,300,300,151.846277,0.9518,0.9692,0.9803,0.8313,0.8567,0.96
"sp1_generalist_common","Generalist · common","mcmc",48,"ok",2300,300,300,192.562626,0.9218,0.9583,0.913,0.9683,0.7814,0.9767
"sp1_generalist_common","Generalist · common","mcmc",49,"ok",2300,300,300,184.140567,0.9367,0.9577,0.9803,0.8686,0.7532,0.96
"sp1_generalist_common","Generalist · common","mcmc",50,"ok",2319,300,300,194.173136,0.9952,0.9649,0.8077,0.8562,0.7801,0.96
"sp2_specialist_common","Specialist · common","random",1,"ok",804,300,300,75.098496,0.8899,0.8694,0.5693,0.5316,0.3909,0.9567
"sp2_specialist_common","Specialist · common","random",2,"ok",767,300,300,71.780231,0.922,0.9809,0.6419,0.6902,0.7127,0.95
"sp2_specialist_common","Specialist · common","random",3,"ok",795,300,300,79.928355,0.8924,0.8477,0.6645,0.556,0.4648,0.9233
"sp2_specialist_common","Specialist · common","random",4,"ok",815,300,300,65.97969,0.9315,0.9447,0.5917,0.53,0.5141,0.95
"sp2_specialist_common","Specialist · common","random",5,"ok",792,300,300,73.907011,0.8811,0.9154,0.6864,0.5478,0.4946,0.94
"sp2_specialist_common","Specialist · common","random",6,"ok",767,300,300,69.025836,0.8544,0.8705,0.7403,0.7037,0.7702,0.96
"sp2_specialist_common","Specialist · common","random",7,"ok",771,300,300,66.55544,0.8221,0.9221,0.6881,0.8515,0.4973,0.9733
"sp2_specialist_common","Specialist · common","random",8,"ok",760,300,300,70.386774,0.9005,0.8052,0.7294,0.719,0.6585,0.9567
"sp2_specialist_common","Specialist · common","random",9,"ok",767,300,300,70.045299,0.9768,0.8843,0.6759,0.6343,0.5343,0.9667
"sp2_specialist_common","Specialist · common","random",10,"ok",773,300,300,74.662627,0.972,0.8792,0.592,0.584,0.6371,0.95
"sp2_specialist_common","Specialist · common","random",11,"ok",791,300,300,68.838746,0.8519,0.7453,0.5872,0.7148,0.5445,0.94
"sp2_specialist_common","Specialist · common","random",12,"ok",776,300,300,72.52427,0.8962,0.9341,0.725,0.8026,0.5042,0.9533
"sp2_specialist_common","Specialist · common","random",13,"ok",784,300,300,71.329742,0.8569,0.8802,0.5929,0.6905,0.7034,0.93
"sp2_specialist_common","Specialist · common","random",14,"ok",769,300,300,68.590903,0.8478,0.9429,0.6711,0.621,0.4602,0.9467
"sp2_specialist_common","Specialist · common","random",15,"ok",761,300,300,77.789053,0.8367,0.8069,0.7067,0.6679,0.5585,0.9867
"sp2_specialist_common","Specialist · common","random",16,"ok",787,300,300,77.692863,0.8451,0.7881,0.6988,0.708,0.6131,0.95
"sp2_specialist_common","Specialist · common","random",17,"ok",793,300,300,81.045575,0.8683,0.8386,0.638,0.6581,0.3871,0.9567
"sp2_specialist_common","Specialist · common","random",18,"ok",798,300,300,71.614788,0.8817,0.8504,0.7055,0.5616,0.6182,0.94
"sp2_specialist_common","Specialist · common","random",19,"ok",774,300,300,77.588409,0.8051,0.913,0.6098,0.6963,0.5707,0.9533
"sp2_specialist_common","Specialist · common","random",20,"ok",765,300,300,73.709847,0.876,0.7919,0.6216,0.6516,0.491,0.9333
"sp2_specialist_common","Specialist · common","random",21,"ok",789,300,300,73.935442,0.8844,0.8539,0.5753,0.6766,0.5846,0.9533
"sp2_specialist_common","Specialist · common","random",22,"ok",805,300,300,71.227578,0.8986,0.8945,0.6931,0.6991,0.5199,0.9533
"sp2_specialist_common","Specialist · common","random",23,"ok",784,300,300,77.697808,0.9031,0.9339,0.6747,0.6719,0.5291,0.9467
"sp2_specialist_common","Specialist · common","random",24,"ok",746,300,300,73.868624,0.9245,0.9489,0.6417,0.5609,0.574,0.9667
"sp2_specialist_common","Specialist · common","random",25,"ok",772,300,300,72.495517,0.9092,0.9146,0.5914,0.5637,0.5045,0.9533
"sp2_specialist_common","Specialist · common","random",26,"ok",811,300,300,79.136582,0.8461,0.8728,0.7189,0.6115,0.5933,0.9633
"sp2_specialist_common","Specialist · common","random",27,"ok",746,300,300,74.715897,0.8605,0.8872,0.5554,0.6853,0.4777,0.93
"sp2_specialist_common","Specialist · common","random",28,"ok",754,300,300,75.326008,0.9205,0.8861,0.5816,0.7488,0.587,0.9467
"sp2_specialist_common","Specialist · common","random",29,"ok",780,300,300,73.966185,0.9534,0.9323,0.6401,0.5093,0.5444,0.96
"sp2_specialist_common","Specialist · common","random",30,"ok",753,300,300,70.204142,0.884,0.8492,0.8287,0.617,0.6224,0.9433
"sp2_specialist_common","Specialist · common","random",31,"ok",749,300,300,71.368875,0.8877,0.8229,0.7133,0.5425,0.513,0.9633
"sp2_specialist_common","Specialist · common","random",32,"ok",784,300,300,77.566396,0.9254,0.8922,0.9225,0.8081,0.6606,0.95
"sp2_specialist_common","Specialist · common","random",33,"ok",783,300,300,73.748224,0.8642,0.9011,0.6856,0.5385,0.602,0.96
"sp2_specialist_common","Specialist · common","random",34,"ok",778,300,300,73.79129,0.8938,0.8615,0.8817,0.6498,0.6101,0.96
"sp2_specialist_common","Specialist · common","random",35,"ok",752,300,300,76.549995,0.8882,0.8759,0.6667,0.7073,0.6621,0.9667
"sp2_specialist_common","Specialist · common","random",36,"ok",746,300,300,74.875843,0.946,0.9208,0.5486,0.5009,0.3512,0.97
"sp2_specialist_common","Specialist · common","random",37,"ok",767,300,300,74.254172,0.8972,0.89,0.7211,0.5875,0.8548,0.96
"sp2_specialist_common","Specialist · common","random",38,"ok",768,300,300,64.633835,0.8328,0.9005,0.6702,0.6469,0.4858,0.9867
"sp2_specialist_common","Specialist · common","random",39,"ok",747,300,300,74.545078,0.8719,0.8465,0.6185,0.5672,0.4997,0.9467
"sp2_specialist_common","Specialist · common","random",40,"ok",771,300,300,70.990549,0.9295,0.8205,0.5696,0.6674,0.3871,0.9767
"sp2_specialist_common","Specialist · common","random",41,"ok",794,300,300,74.616556,0.9324,0.8761,0.6834,0.8619,0.7812,0.9533
"sp2_specialist_common","Specialist · common","random",42,"ok",792,300,300,79.739243,0.8285,0.8313,0.5849,0.6148,0.5916,0.9533
"sp2_specialist_common","Specialist · common","random",43,"ok",754,300,300,74.196734,0.892,0.8453,0.702,0.8248,0.5375,0.97
"sp2_specialist_common","Specialist · common","random",44,"ok",755,300,300,74.106984,0.8701,0.8473,0.6498,0.6279,0.4812,0.97
"sp2_specialist_common","Specialist · common","random",45,"ok",779,300,300,74.456581,0.9334,0.9805,0.5707,0.6763,0.6703,0.93
"sp2_specialist_common","Specialist · common","random",46,"ok",782,300,300,68.337194,0.9219,0.9628,0.6679,0.5829,0.5951,0.96
"sp2_specialist_common","Specialist · common","random",47,"ok",780,300,300,72.429261,0.85,0.8032,0.8692,0.7395,0.6876,0.9567
"sp2_specialist_common","Specialist · common","random",48,"ok",758,300,300,76.463448,0.9455,0.9012,0.6533,0.5361,0.503,0.9433
"sp2_specialist_common","Specialist · common","random",49,"ok",792,300,300,77.173807,0.8947,0.8594,0.678,0.8305,0.5222,0.95
"sp2_specialist_common","Specialist · common","random",50,"ok",809,300,300,74.880445,0.9028,0.8036,0.5985,0.65,0.4784,0.9667
"sp2_specialist_common","Specialist · common","buffer",1,"ok",804,300,300,45.036079,0.8693,0.8806,0.7065,0.591,0.5305,0.9967
"sp2_specialist_common","Specialist · common","buffer",2,"ok",767,300,300,49.715459,0.9158,0.9145,0.5938,0.728,0.5917,0.9967
"sp2_specialist_common","Specialist · common","buffer",3,"ok",795,300,300,48.54446,0.8755,0.8833,0.5857,0.6663,0.455,1
"sp2_specialist_common","Specialist · common","buffer",4,"ok",815,300,300,41.288088,0.8793,0.8718,0.5812,0.6364,0.4884,1
"sp2_specialist_common","Specialist · common","buffer",5,"ok",792,300,300,45.260771,0.8975,0.8853,0.7489,0.5816,0.4685,0.9933
"sp2_specialist_common","Specialist · common","buffer",6,"ok",767,300,300,37.2324,0.9174,0.9185,0.6832,0.5127,0.4373,1
"sp2_specialist_common","Specialist · common","buffer",7,"ok",771,300,300,42.621279,0.9213,0.8875,0.5895,0.6274,0.5014,0.9967
"sp2_specialist_common","Specialist · common","buffer",8,"ok",760,300,300,43.706,0.9015,0.9112,0.7459,0.6956,0.5917,1
"sp2_specialist_common","Specialist · common","buffer",9,"ok",767,300,300,43.888444,0.877,0.864,0.6294,0.7446,0.6379,1
"sp2_specialist_common","Specialist · common","buffer",10,"ok",773,300,300,50.969619,0.9229,0.8861,0.6249,0.5596,0.5848,0.9967
"sp2_specialist_common","Specialist · common","buffer",11,"ok",791,300,300,38.435824,0.8848,0.825,0.5001,0.5449,0.4346,1
"sp2_specialist_common","Specialist · common","buffer",12,"ok",776,300,300,41.164765,0.9217,0.8976,0.6354,0.628,0.6082,0.9967
"sp2_specialist_common","Specialist · common","buffer",13,"ok",784,300,300,38.853193,0.9087,0.7898,0.6974,0.8549,0.6146,1
"sp2_specialist_common","Specialist · common","buffer",14,"ok",769,300,300,37.884336,0.8953,0.8694,0.5551,0.6541,0.5545,0.9967
"sp2_specialist_common","Specialist · common","buffer",15,"ok",761,300,300,41.165329,0.9387,0.9189,0.6809,0.8539,0.6215,1
"sp2_specialist_common","Specialist · common","buffer",16,"ok",787,300,300,41.561015,0.9242,0.9131,0.5799,0.5345,0.5056,1
"sp2_specialist_common","Specialist · common","buffer",17,"ok",793,300,300,52.043986,0.9218,0.8959,0.8871,0.7676,0.6436,0.9967
"sp2_specialist_common","Specialist · common","buffer",18,"ok",798,300,300,40.714172,0.9242,0.8993,0.6571,0.6201,0.5079,0.9967
"sp2_specialist_common","Specialist · common","buffer",19,"ok",774,300,300,52.211207,0.8991,0.8932,0.6611,0.6048,0.6693,0.9967
"sp2_specialist_common","Specialist · common","buffer",20,"ok",765,300,300,44.150129,0.9212,0.8697,0.5522,0.6077,0.4365,0.9967
"sp2_specialist_common","Specialist · common","buffer",21,"ok",789,300,300,49.489571,0.8963,0.8474,0.717,0.6914,0.5086,1
"sp2_specialist_common","Specialist · common","buffer",22,"ok",805,300,300,48.184531,0.9353,0.8876,0.5883,0.6838,0.5008,1
"sp2_specialist_common","Specialist · common","buffer",23,"ok",784,300,300,47.675294,0.9172,0.8995,0.6804,0.6331,0.491,1
"sp2_specialist_common","Specialist · common","buffer",24,"ok",746,300,300,44.313393,0.901,0.815,0.6766,0.5753,0.42,1
"sp2_specialist_common","Specialist · common","buffer",25,"ok",772,300,300,37.682166,0.872,0.8666,0.7324,0.6801,0.4969,0.9933
"sp2_specialist_common","Specialist · common","buffer",26,"ok",811,300,300,53.745095,0.8962,0.9216,0.5688,0.6121,0.6062,1
"sp2_specialist_common","Specialist · common","buffer",27,"ok",746,300,300,41.308904,0.8146,0.8737,0.7109,0.644,0.5562,0.9967
"sp2_specialist_common","Specialist · common","buffer",28,"ok",754,300,300,49.913803,0.8441,0.8181,0.609,0.6254,0.5582,1
"sp2_specialist_common","Specialist · common","buffer",29,"ok",780,300,300,35.538067,0.8823,0.9061,0.7644,0.6421,0.6202,1
"sp2_specialist_common","Specialist · common","buffer",30,"ok",753,300,300,40.706533,0.8904,0.8881,0.735,0.8411,0.5642,1
"sp2_specialist_common","Specialist · common","buffer",31,"ok",749,300,300,46.156485,0.8432,0.8033,0.9285,0.7877,0.8274,1
"sp2_specialist_common","Specialist · common","buffer",32,"ok",784,300,300,52.028367,0.9016,0.8683,0.8146,0.6947,0.6976,1
"sp2_specialist_common","Specialist · common","buffer",33,"ok",783,300,300,49.521613,0.9096,0.9022,0.6149,0.5769,0.4873,0.9967
"sp2_specialist_common","Specialist · common","buffer",34,"ok",778,300,300,40.16775,0.8701,0.861,0.6101,0.6855,0.4854,1
"sp2_specialist_common","Specialist · common","buffer",35,"ok",752,300,300,34.906842,0.9415,0.8827,0.7324,0.7281,0.5515,1
"sp2_specialist_common","Specialist · common","buffer",36,"ok",746,300,300,43.547527,0.9023,0.8457,0.6933,0.8515,0.5578,0.9967
"sp2_specialist_common","Specialist · common","buffer",37,"ok",767,300,300,56.390818,0.9444,0.9578,0.8193,0.6139,0.5897,0.9967
"sp2_specialist_common","Specialist · common","buffer",38,"ok",768,300,300,39.455764,0.8713,0.8877,0.6089,0.7593,0.6684,0.9967
"sp2_specialist_common","Specialist · common","buffer",39,"ok",747,300,300,52.248121,0.9575,0.9227,0.6901,0.6502,0.5396,0.9967
"sp2_specialist_common","Specialist · common","buffer",40,"ok",771,300,300,52.217772,0.7897,0.8265,0.6529,0.6541,0.5898,1
"sp2_specialist_common","Specialist · common","buffer",41,"ok",794,300,300,42.723385,0.8572,0.8149,0.5548,0.6897,0.5,1
"sp2_specialist_common","Specialist · common","buffer",42,"ok",792,300,300,46.14746,0.9032,0.8723,0.6491,0.6892,0.6009,1
"sp2_specialist_common","Specialist · common","buffer",43,"ok",754,300,300,51.070226,0.9028,0.876,0.643,0.7605,0.7376,1
"sp2_specialist_common","Specialist · common","buffer",44,"ok",755,300,300,44.83715,0.9066,0.9356,0.5902,0.715,0.5025,1
"sp2_specialist_common","Specialist · common","buffer",45,"ok",779,300,300,48.106687,0.8711,0.9002,0.7206,0.7764,0.594,0.9967
"sp2_specialist_common","Specialist · common","buffer",46,"ok",782,300,300,47.229724,0.954,0.9061,0.6008,0.7992,0.5755,0.9967
"sp2_specialist_common","Specialist · common","buffer",47,"ok",780,300,300,47.617096,0.8305,0.8331,0.5978,0.7121,0.6335,0.9967
"sp2_specialist_common","Specialist · common","buffer",48,"ok",758,300,300,46.25603,0.7877,0.7721,0.7015,0.6821,0.5152,0.9967
"sp2_specialist_common","Specialist · common","buffer",49,"ok",792,300,300,42.073519,0.8745,0.8957,0.6143,0.6349,0.9063,1
"sp2_specialist_common","Specialist · common","buffer",50,"ok",809,300,300,41.919184,0.9544,0.9489,0.5524,0.691,0.5004,0.9967
"sp2_specialist_common","Specialist · common","mcmc",1,"ok",804,300,300,60.991064,0.924,0.9472,0.8893,0.8758,0.8044,1
"sp2_specialist_common","Specialist · common","mcmc",2,"ok",767,300,300,64.444006,0.9952,0.9682,0.9207,0.8686,0.7316,0.9933
"sp2_specialist_common","Specialist · common","mcmc",3,"ok",795,300,300,45.919089,0.9567,1,0.7676,0.8515,0.8039,1
"sp2_specialist_common","Specialist · common","mcmc",4,"ok",815,300,300,41.026285,0.9713,0.9422,0.8825,0.9907,0.7606,1
"sp2_specialist_common","Specialist · common","mcmc",5,"ok",792,300,300,72.347961,0.9676,0.9936,0.9609,1,0.8487,0.99
"sp2_specialist_common","Specialist · common","mcmc",6,"ok",767,300,300,59.145114,0.9708,0.991,0.9471,0.8515,0.8564,0.9967
"sp2_specialist_common","Specialist · common","mcmc",7,"ok",771,300,300,58.206304,0.9568,0.9558,0.8292,1,0.8091,0.9967
"sp2_specialist_common","Specialist · common","mcmc",8,"ok",760,300,300,58.108544,0.9322,0.8853,0.9807,0.9736,0.8487,0.9967
"sp2_specialist_common","Specialist · common","mcmc",9,"ok",767,300,300,63.199003,0.9402,0.9418,0.9484,0.8208,0.8274,0.9933
"sp2_specialist_common","Specialist · common","mcmc",10,"ok",773,300,300,68.182588,0.8985,0.9583,0.9092,0.8736,0.7253,1
"sp2_specialist_common","Specialist · common","mcmc",11,"ok",791,300,300,54.401298,0.9487,0.9503,0.9207,0.8169,0.7664,0.9967
"sp2_specialist_common","Specialist · common","mcmc",12,"ok",776,300,300,48.247714,1,1,0.9803,0.8736,0.8274,0.9967
"sp2_specialist_common","Specialist · common","mcmc",13,"ok",784,300,300,60.519269,0.9166,0.8846,0.9013,0.9001,0.8197,1
"sp2_specialist_common","Specialist · common","mcmc",14,"ok",769,300,300,60.517845,0.9315,0.8387,0.9189,0.9001,0.8319,0.9967
"sp2_specialist_common","Specialist · common","mcmc",15,"ok",761,300,300,54.757414,0.9587,0.9503,0.907,0.8393,0.8318,0.9933
"sp2_specialist_common","Specialist · common","mcmc",16,"ok",787,300,300,59.534814,0.965,0.9287,0.9786,0.9661,0.8777,0.9967
"sp2_specialist_common","Specialist · common","mcmc",17,"ok",793,300,300,61.788542,0.9703,0.9936,0.9686,0.8779,0.8121,0.9967
"sp2_specialist_common","Specialist · common","mcmc",18,"ok",798,300,300,55.684605,0.9799,0.951,0.9764,1,0.8432,1
"sp2_specialist_common","Specialist · common","mcmc",19,"ok",774,300,300,66.628015,0.9519,0.9387,0.9656,0.8758,0.7602,0.9967
"sp2_specialist_common","Specialist · common","mcmc",20,"ok",765,300,300,54.330383,0.965,0.9254,0.9207,0.8758,0.8026,1
"sp2_specialist_common","Specialist · common","mcmc",21,"ok",789,300,300,66.907554,0.9539,0.9936,0.9851,0.8714,0.8274,0.9867
"sp2_specialist_common","Specialist · common","mcmc",22,"ok",805,300,300,56.977741,0.9538,0.9815,1,0.8256,0.7396,0.9933
"sp2_specialist_common","Specialist · common","mcmc",23,"ok",784,300,300,59.38275,0.9367,0.8979,0.9013,0.8323,0.8082,1
"sp2_specialist_common","Specialist · common","mcmc",24,"ok",746,300,300,63.907576,0.9383,0.9741,0.9088,0.9907,0.7902,0.9933
"sp2_specialist_common","Specialist · common","mcmc",25,"ok",772,300,300,44.907256,0.9547,0.9093,0.9803,0.8421,0.8567,0.9967
"sp2_specialist_common","Specialist · common","mcmc",26,"ok",811,300,300,68.893162,0.9663,0.9481,0.9803,0.9736,0.8334,0.9967
"sp2_specialist_common","Specialist · common","mcmc",27,"ok",746,300,300,57.705455,0.9848,0.9689,0.9813,0.9736,0.8432,1
"sp2_specialist_common","Specialist · common","mcmc",28,"ok",754,300,300,59.263816,0.8842,0.9389,0.8426,0.9562,0.8334,0.9933
"sp2_specialist_common","Specialist · common","mcmc",29,"ok",780,300,300,60.887841,0.924,0.9159,0.9165,0.8736,0.849,0.9967
"sp2_specialist_common","Specialist · common","mcmc",30,"ok",753,300,300,55.20026,0.915,0.9272,0.9803,0.8686,0.8564,0.9967
"sp2_specialist_common","Specialist · common","mcmc",31,"ok",749,300,300,58.994066,0.9809,0.9481,0.9725,0.8515,0.7878,1
"sp2_specialist_common","Specialist · common","mcmc",32,"ok",784,300,300,56.087745,0.9481,0.913,0.9845,0.8591,0.8567,1
"sp2_specialist_common","Specialist · common","mcmc",33,"ok",783,300,300,50.731223,0.9526,0.9263,0.8125,0.8642,0.8329,0.9967
"sp2_specialist_common","Specialist · common","mcmc",34,"ok",778,300,300,56.440662,1,0.9714,0.9165,0.8591,0.8332,1
"sp2_specialist_common","Specialist · common","mcmc",35,"ok",752,300,300,52.972919,0.973,0.9345,0.9207,0.8486,0.8197,0.9933
"sp2_specialist_common","Specialist · common","mcmc",36,"ok",746,300,300,69.633317,0.9881,0.9689,0.807,0.8024,0.7664,1
"sp2_specialist_common","Specialist · common","mcmc",37,"ok",767,300,300,58.58303,0.9952,1,0.9468,1,0.8432,0.9933
"sp2_specialist_common","Specialist · common","mcmc",38,"ok",768,300,300,53.157043,0.9875,0.9648,0.7669,0.8421,0.8332,0.9933
"sp2_specialist_common","Specialist · common","mcmc",39,"ok",747,300,300,58.365094,0.9301,0.9466,0.7628,0.8605,0.8039,1
"sp2_specialist_common","Specialist · common","mcmc",40,"ok",771,300,300,64.581251,0.9412,0.9672,0.9845,0.9736,0.8091,0.9933
"sp2_specialist_common","Specialist · common","mcmc",41,"ok",794,300,300,68.884515,0.9375,0.9625,0.893,0.9907,0.8777,0.9933
"sp2_specialist_common","Specialist · common","mcmc",42,"ok",792,300,300,60.566824,0.9924,0.9698,0.9013,0.9556,0.9039,0.9967
"sp2_specialist_common","Specialist · common","mcmc",43,"ok",754,300,300,49.776947,0.9229,0.9229,0.9845,0.9631,0.8487,1
"sp2_specialist_common","Specialist · common","mcmc",44,"ok",755,300,300,67.265373,0.9469,0.9389,0.9764,0.8313,0.8274,0.99
"sp2_specialist_common","Specialist · common","mcmc",45,"ok",779,300,300,59.43715,0.9454,0.9535,1,0.9642,0.8487,0.9933
"sp2_specialist_common","Specialist · common","mcmc",46,"ok",782,300,300,61.229215,0.913,0.9393,0.8125,0.7759,0.8332,1
"sp2_specialist_common","Specialist · common","mcmc",47,"ok",780,300,300,41.382011,0.9539,0.993,0.906,0.8686,0.7631,0.9967
"sp2_specialist_common","Specialist · common","mcmc",48,"ok",758,300,300,52.554029,0.9809,0.8552,0.9803,0.9736,0.7744,1
"sp2_specialist_common","Specialist · common","mcmc",49,"ok",792,300,300,53.811434,0.9292,0.9379,0.9764,0.9907,0.7954,1
"sp2_specialist_common","Specialist · common","mcmc",50,"ok",809,300,300,58.027094,0.9079,0.8585,0.9803,0.9683,0.8091,0.9933
"sp3_generalist_rare","Generalist · rare","random",1,"ok",946,300,300,499.468117,0.8899,0.8694,0.5693,0.5316,0.3909,0.95
"sp3_generalist_rare","Generalist · rare","random",2,"ok",939,300,300,515.998825,0.922,0.9809,0.6419,0.6902,0.7127,0.94
"sp3_generalist_rare","Generalist · rare","random",3,"ok",927,300,300,478.387703,0.8924,0.8477,0.6645,0.556,0.4648,0.9433
"sp3_generalist_rare","Generalist · rare","random",4,"ok",963,300,300,523.527751,0.9315,0.9447,0.5917,0.53,0.5141,0.9567
"sp3_generalist_rare","Generalist · rare","random",5,"ok",894,300,300,457.512723,0.8811,0.9154,0.6864,0.5478,0.4946,0.9667
"sp3_generalist_rare","Generalist · rare","random",6,"ok",907,300,300,510.707909,0.8544,0.8705,0.7403,0.7037,0.7702,0.9467
"sp3_generalist_rare","Generalist · rare","random",7,"ok",903,300,300,435.511905,0.8221,0.9221,0.6881,0.8515,0.4973,0.97
"sp3_generalist_rare","Generalist · rare","random",8,"ok",912,300,300,465.90743,0.9005,0.8052,0.7294,0.719,0.6585,0.96
"sp3_generalist_rare","Generalist · rare","random",9,"ok",898,300,300,466.913068,0.9768,0.8843,0.6759,0.6343,0.5343,0.94
"sp3_generalist_rare","Generalist · rare","random",10,"ok",902,300,300,505.04656,0.972,0.8792,0.592,0.584,0.6371,0.9567
"sp3_generalist_rare","Generalist · rare","random",11,"ok",884,300,300,499.756149,0.8519,0.7453,0.5872,0.7148,0.5445,0.94
"sp3_generalist_rare","Generalist · rare","random",12,"ok",945,300,300,470.605784,0.8962,0.9341,0.725,0.8026,0.5042,0.9633
"sp3_generalist_rare","Generalist · rare","random",13,"ok",887,300,300,497.728952,0.8569,0.8802,0.5929,0.6905,0.7034,0.9433
"sp3_generalist_rare","Generalist · rare","random",14,"ok",918,300,300,476.418402,0.8478,0.9429,0.6711,0.621,0.4602,0.95
"sp3_generalist_rare","Generalist · rare","random",15,"ok",866,300,300,512.104692,0.8367,0.8069,0.7067,0.6679,0.5585,0.9567
"sp3_generalist_rare","Generalist · rare","random",16,"ok",925,300,300,473.772434,0.8451,0.7881,0.6988,0.708,0.6131,0.9533
"sp3_generalist_rare","Generalist · rare","random",17,"ok",918,300,300,494.509758,0.8683,0.8386,0.638,0.6581,0.3871,0.9533
"sp3_generalist_rare","Generalist · rare","random",18,"ok",924,300,300,484.8893,0.8817,0.8504,0.7055,0.5616,0.6182,0.9567
"sp3_generalist_rare","Generalist · rare","random",19,"ok",919,300,300,523.405606,0.8051,0.913,0.6098,0.6963,0.5707,0.9267
"sp3_generalist_rare","Generalist · rare","random",20,"ok",941,300,300,510.145117,0.876,0.7919,0.6216,0.6516,0.491,0.9667
"sp3_generalist_rare","Generalist · rare","random",21,"ok",915,300,300,491.340859,0.8844,0.8539,0.5753,0.6766,0.5846,0.95
"sp3_generalist_rare","Generalist · rare","random",22,"ok",906,300,300,501.970443,0.8986,0.8945,0.6931,0.6991,0.5199,0.9667
"sp3_generalist_rare","Generalist · rare","random",23,"ok",924,300,300,525.873135,0.9031,0.9339,0.6747,0.6719,0.5291,0.9433
"sp3_generalist_rare","Generalist · rare","random",24,"ok",862,300,300,509.770752,0.9245,0.9489,0.6417,0.5609,0.574,0.95
"sp3_generalist_rare","Generalist · rare","random",25,"ok",913,300,300,516.949615,0.9092,0.9146,0.5914,0.5637,0.5045,0.9233
"sp3_generalist_rare","Generalist · rare","random",26,"ok",905,300,300,504.882091,0.8461,0.8728,0.7189,0.6115,0.5933,0.93
"sp3_generalist_rare","Generalist · rare","random",27,"ok",940,300,300,442.920704,0.8605,0.8872,0.5554,0.6853,0.4777,0.96
"sp3_generalist_rare","Generalist · rare","random",28,"ok",915,300,300,442.067858,0.9205,0.8861,0.5816,0.7488,0.587,0.9467
"sp3_generalist_rare","Generalist · rare","random",29,"ok",918,300,300,518.65397,0.9534,0.9323,0.6401,0.5093,0.5444,0.93
"sp3_generalist_rare","Generalist · rare","random",30,"ok",900,300,300,528.021933,0.884,0.8492,0.8287,0.617,0.6224,0.94
"sp3_generalist_rare","Generalist · rare","random",31,"ok",938,300,300,484.807718,0.8877,0.8229,0.7133,0.5425,0.513,0.94
"sp3_generalist_rare","Generalist · rare","random",32,"ok",878,300,300,498.280365,0.9254,0.8922,0.9225,0.8081,0.6606,0.9367
"sp3_generalist_rare","Generalist · rare","random",33,"ok",925,300,300,481.005504,0.8642,0.9011,0.6856,0.5385,0.602,0.95
"sp3_generalist_rare","Generalist · rare","random",34,"ok",895,300,300,511.49448,0.8938,0.8615,0.8817,0.6498,0.6101,0.94
"sp3_generalist_rare","Generalist · rare","random",35,"ok",911,300,300,434.671385,0.8882,0.8759,0.6667,0.7073,0.6621,0.9533
"sp3_generalist_rare","Generalist · rare","random",36,"ok",952,300,300,518.380766,0.946,0.9208,0.5486,0.5009,0.3512,0.93
"sp3_generalist_rare","Generalist · rare","random",37,"ok",909,300,300,479.661029,0.8972,0.89,0.7211,0.5875,0.8548,0.95
"sp3_generalist_rare","Generalist · rare","random",38,"ok",922,300,300,519.128429,0.8328,0.9005,0.6702,0.6469,0.4858,0.9233
"sp3_generalist_rare","Generalist · rare","random",39,"ok",885,300,300,487.467478,0.8719,0.8465,0.6185,0.5672,0.4997,0.9533
"sp3_generalist_rare","Generalist · rare","random",40,"ok",972,300,300,540.877571,0.9295,0.8205,0.5696,0.6674,0.3871,0.92
"sp3_generalist_rare","Generalist · rare","random",41,"ok",909,300,300,457.829302,0.9324,0.8761,0.6834,0.8619,0.7812,0.9567
"sp3_generalist_rare","Generalist · rare","random",42,"ok",919,300,300,462.646749,0.8285,0.8313,0.5849,0.6148,0.5916,0.9467
"sp3_generalist_rare","Generalist · rare","random",43,"ok",893,300,300,530.383032,0.892,0.8453,0.702,0.8248,0.5375,0.9467
"sp3_generalist_rare","Generalist · rare","random",44,"ok",929,300,300,486.873757,0.8701,0.8473,0.6498,0.6279,0.4812,0.9567
"sp3_generalist_rare","Generalist · rare","random",45,"ok",934,300,300,468.474223,0.9334,0.9805,0.5707,0.6763,0.6703,0.9367
"sp3_generalist_rare","Generalist · rare","random",46,"ok",919,300,300,501.343409,0.9219,0.9628,0.6679,0.5829,0.5951,0.9433
"sp3_generalist_rare","Generalist · rare","random",47,"ok",894,300,300,454.133833,0.85,0.8032,0.8692,0.7395,0.6876,0.94
"sp3_generalist_rare","Generalist · rare","random",48,"ok",882,300,300,501.418972,0.9455,0.9012,0.6533,0.5361,0.503,0.97
"sp3_generalist_rare","Generalist · rare","random",49,"ok",943,300,300,507.818519,0.8947,0.8594,0.678,0.8305,0.5222,0.9233
"sp3_generalist_rare","Generalist · rare","random",50,"ok",899,300,300,512.545345,0.9028,0.8036,0.5985,0.65,0.4784,0.94
"sp3_generalist_rare","Generalist · rare","buffer",1,"ok",946,300,300,362.628406,1,0.9767,0.523,0.6018,0.3794,0.9933
"sp3_generalist_rare","Generalist · rare","buffer",2,"ok",939,300,300,384.806446,0.9125,0.9425,0.5756,0.648,0.5236,0.9867
"sp3_generalist_rare","Generalist · rare","buffer",3,"ok",927,300,300,365.003861,0.9054,0.8916,0.6602,0.7705,0.6066,0.9833
"sp3_generalist_rare","Generalist · rare","buffer",4,"ok",963,300,300,385.850002,0.8608,0.8797,0.6409,0.7047,0.4861,0.96
"sp3_generalist_rare","Generalist · rare","buffer",5,"ok",894,300,300,344.207533,0.8995,0.9143,0.688,0.7084,0.4642,0.9833
"sp3_generalist_rare","Generalist · rare","buffer",6,"ok",907,300,300,384.354945,0.8862,0.8709,0.6497,0.631,0.5117,0.9867
"sp3_generalist_rare","Generalist · rare","buffer",7,"ok",903,300,300,383.82261,0.922,0.913,0.6575,0.6268,0.7492,0.9733
"sp3_generalist_rare","Generalist · rare","buffer",8,"ok",912,300,300,340.100894,0.9372,0.8485,0.672,0.793,0.7363,0.9867
"sp3_generalist_rare","Generalist · rare","buffer",9,"ok",898,300,300,379.736731,0.9809,0.8577,0.5664,0.6634,0.6059,0.98
"sp3_generalist_rare","Generalist · rare","buffer",10,"ok",902,300,300,366.298005,0.9039,0.8629,0.721,0.6238,0.5321,0.9767
"sp3_generalist_rare","Generalist · rare","buffer",11,"ok",884,300,300,346.003243,0.8747,0.9088,0.7287,0.626,0.7941,0.9967
"sp3_generalist_rare","Generalist · rare","buffer",12,"ok",945,300,300,360.509361,0.8515,0.9114,0.5859,0.6241,0.5762,0.9767
"sp3_generalist_rare","Generalist · rare","buffer",13,"ok",887,300,300,375.986989,0.8273,0.7939,0.5651,0.6568,0.4813,0.9733
"sp3_generalist_rare","Generalist · rare","buffer",14,"ok",918,300,300,309.653082,0.9017,0.9429,0.6042,0.558,0.6703,0.9867
"sp3_generalist_rare","Generalist · rare","buffer",15,"ok",866,300,300,358.390849,0.9428,0.8935,0.6435,0.6027,0.4501,0.9767
"sp3_generalist_rare","Generalist · rare","buffer",16,"ok",925,300,300,360.973698,0.9401,0.9481,0.5612,0.5155,0.4209,0.9833
"sp3_generalist_rare","Generalist · rare","buffer",17,"ok",918,300,300,402.092013,0.8479,0.8403,0.5145,0.6079,0.6371,0.9833
"sp3_generalist_rare","Generalist · rare","buffer",18,"ok",924,300,300,327.824934,0.8725,0.8707,0.8194,0.9468,0.6314,0.9833
"sp3_generalist_rare","Generalist · rare","buffer",19,"ok",919,300,300,375.658718,0.9039,0.8821,0.6042,0.7447,0.4354,0.9833
"sp3_generalist_rare","Generalist · rare","buffer",20,"ok",941,300,300,383.971983,0.876,0.8384,0.6675,0.6648,0.702,0.9867
"sp3_generalist_rare","Generalist · rare","buffer",21,"ok",915,300,300,373.126322,0.8829,0.8287,0.6153,0.5792,0.5006,0.9833
"sp3_generalist_rare","Generalist · rare","buffer",22,"ok",906,300,300,411.338917,0.8731,0.8945,0.5612,0.6206,0.6803,0.97
"sp3_generalist_rare","Generalist · rare","buffer",23,"ok",924,300,300,386.2272,0.8841,0.9339,0.6966,0.5675,0.607,0.9767
"sp3_generalist_rare","Generalist · rare","buffer",24,"ok",862,300,300,407.391109,0.8956,0.9425,0.6802,0.7276,0.8534,0.9867
"sp3_generalist_rare","Generalist · rare","buffer",25,"ok",913,300,300,353.144515,0.949,0.9047,0.6936,0.7838,0.6077,0.9933
"sp3_generalist_rare","Generalist · rare","buffer",26,"ok",905,300,300,337.905224,0.9053,0.8982,0.5551,0.577,0.4395,0.9867
"sp3_generalist_rare","Generalist · rare","buffer",27,"ok",940,300,300,371.754187,0.8757,0.9482,0.5118,0.6679,0.6495,0.9767
"sp3_generalist_rare","Generalist · rare","buffer",28,"ok",915,300,300,360.258587,0.9468,0.8936,0.5975,0.6766,0.4497,0.9767
"sp3_generalist_rare","Generalist · rare","buffer",29,"ok",918,300,300,412.312329,0.915,0.9323,0.5556,0.6167,0.5728,0.9833
"sp3_generalist_rare","Generalist · rare","buffer",30,"ok",900,300,300,385.944187,0.9322,0.8948,0.6457,0.7276,0.5413,0.98
"sp3_generalist_rare","Generalist · rare","buffer",31,"ok",938,300,300,358.693878,0.8144,0.8641,0.6499,0.5782,0.4348,0.9767
"sp3_generalist_rare","Generalist · rare","buffer",32,"ok",878,300,300,398.250561,0.9101,0.8776,0.7042,0.8202,0.696,0.9667
"sp3_generalist_rare","Generalist · rare","buffer",33,"ok",925,300,300,363.777691,0.8927,0.9259,0.6024,0.6079,0.5411,0.99
"sp3_generalist_rare","Generalist · rare","buffer",34,"ok",895,300,300,361.515122,0.9043,0.8615,0.715,0.7937,0.6403,0.9833
"sp3_generalist_rare","Generalist · rare","buffer",35,"ok",911,300,300,317.220539,0.8329,0.8682,0.6582,0.6605,0.457,1
"sp3_generalist_rare","Generalist · rare","buffer",36,"ok",952,300,300,339.06408,0.9453,0.9584,0.6481,0.7013,0.4262,0.99
"sp3_generalist_rare","Generalist · rare","buffer",37,"ok",909,300,300,379.830337,0.8816,0.8857,0.7092,0.6216,0.7397,0.9867
"sp3_generalist_rare","Generalist · rare","buffer",38,"ok",922,300,300,432.060821,0.8828,0.8955,0.6733,0.6893,0.511,0.9867
"sp3_generalist_rare","Generalist · rare","buffer",39,"ok",885,300,300,387.094951,0.9246,0.9001,0.669,0.523,0.548,0.97
"sp3_generalist_rare","Generalist · rare","buffer",40,"ok",972,300,300,362.505018,0.8586,0.9287,0.6619,0.7668,0.8941,0.9933
"sp3_generalist_rare","Generalist · rare","buffer",41,"ok",909,300,300,368.271588,0.8991,0.9425,0.7299,0.8384,0.4993,0.9767
"sp3_generalist_rare","Generalist · rare","buffer",42,"ok",919,300,300,389.571003,0.9456,0.851,0.591,0.6102,0.4693,0.97
"sp3_generalist_rare","Generalist · rare","buffer",43,"ok",893,300,300,395.503916,0.9043,0.8963,0.632,0.6684,0.495,0.9767
"sp3_generalist_rare","Generalist · rare","buffer",44,"ok",929,300,300,341.511118,0.9414,0.9551,0.6944,0.5251,0.6436,0.9767
"sp3_generalist_rare","Generalist · rare","buffer",45,"ok",934,300,300,361.831463,0.9881,0.9886,0.6038,0.5888,0.4372,0.97
"sp3_generalist_rare","Generalist · rare","buffer",46,"ok",919,300,300,369.129124,0.9477,0.9071,0.6193,0.6784,0.5714,0.99
"sp3_generalist_rare","Generalist · rare","buffer",47,"ok",894,300,300,380.690135,0.8938,0.9067,0.5185,0.6714,0.4472,0.9933
"sp3_generalist_rare","Generalist · rare","buffer",48,"ok",882,300,300,411.40126,0.8595,0.9472,0.6603,0.7441,0.6635,0.98
"sp3_generalist_rare","Generalist · rare","buffer",49,"ok",943,300,300,371.601927,0.9009,0.9212,0.5582,0.728,0.3303,0.99
"sp3_generalist_rare","Generalist · rare","buffer",50,"ok",899,300,300,333.866745,0.8431,0.8489,0.6803,0.6544,0.5501,0.9967
"sp3_generalist_rare","Generalist · rare","mcmc",1,"ok",946,300,300,492.334762,0.9848,0.957,0.9249,0.7722,0.7789,0.9567
"sp3_generalist_rare","Generalist · rare","mcmc",2,"ok",939,300,300,463.925847,0.9246,0.9272,0.7266,0.7891,0.7516,0.9567
"sp3_generalist_rare","Generalist · rare","mcmc",3,"ok",927,300,300,438.298976,0.969,0.9821,0.9484,0.9907,0.878,0.9633
"sp3_generalist_rare","Generalist · rare","mcmc",4,"ok",963,300,300,556.569022,0.9317,0.9577,0.8638,0.9736,0.878,0.9367
"sp3_generalist_rare","Generalist · rare","mcmc",5,"ok",894,300,300,507.837496,0.9353,0.8842,0.922,0.9757,0.8487,0.9667
"sp3_generalist_rare","Generalist · rare","mcmc",6,"ok",907,300,300,491.44783,0.9345,0.9457,0.9579,0.959,0.878,0.9667
"sp3_generalist_rare","Generalist · rare","mcmc",7,"ok",903,300,300,489.271752,0.9366,0.9108,0.8628,1,0.878,0.9567
"sp3_generalist_rare","Generalist · rare","mcmc",8,"ok",912,300,300,462.292655,0.9881,1,0.8871,0.9736,0.8487,0.9833
"sp3_generalist_rare","Generalist · rare","mcmc",9,"ok",898,300,300,458.202326,0.9256,0.9567,0.9468,1,0.878,0.96
"sp3_generalist_rare","Generalist · rare","mcmc",10,"ok",902,300,300,473.575163,0.9711,0.9412,0.9851,0.8421,0.7532,0.95
"sp3_generalist_rare","Generalist · rare","mcmc",11,"ok",884,300,300,491.46303,0.9437,0.9367,0.9786,1,0.8334,0.97
"sp3_generalist_rare","Generalist · rare","mcmc",12,"ok",945,300,300,433.601197,0.9636,0.9936,0.867,1,0.8487,0.96
"sp3_generalist_rare","Generalist · rare","mcmc",13,"ok",887,300,300,410.259473,0.9325,0.9389,0.9167,0.9736,0.8334,0.9867
"sp3_generalist_rare","Generalist · rare","mcmc",14,"ok",918,300,300,427.349263,0.9848,0.9714,0.9845,0.9933,0.8334,0.97
"sp3_generalist_rare","Generalist · rare","mcmc",15,"ok",866,300,300,426.236929,1,0.9539,0.9167,0.9736,0.8777,0.98
"sp3_generalist_rare","Generalist · rare","mcmc",16,"ok",925,300,300,519.227572,0.965,0.924,0.9013,1,0.8091,0.9533
"sp3_generalist_rare","Generalist · rare","mcmc",17,"ok",918,300,300,450.154052,0.9924,0.9391,0.9609,0.8907,0.8567,0.9833
"sp3_generalist_rare","Generalist · rare","mcmc",18,"ok",924,300,300,480.718077,0.9419,0.9508,0.9803,0.8577,0.7396,0.9667
"sp3_generalist_rare","Generalist · rare","mcmc",19,"ok",919,300,300,528.779155,0.9613,0.9623,0.8423,0.8076,0.8487,0.9633
"sp3_generalist_rare","Generalist · rare","mcmc",20,"ok",941,300,300,503.831699,0.9881,0.9889,0.9467,0.9642,0.7714,0.9733
"sp3_generalist_rare","Generalist · rare","mcmc",21,"ok",915,300,300,468.289444,0.9419,0.9347,0.8455,0.8508,0.8039,0.9633
"sp3_generalist_rare","Generalist · rare","mcmc",22,"ok",906,300,300,512.553212,0.943,0.9216,0.9255,0.9907,0.8091,0.97
"sp3_generalist_rare","Generalist · rare","mcmc",23,"ok",924,300,300,464.036491,0.9805,0.9198,0.9803,0.8649,0.8564,0.9733
"sp3_generalist_rare","Generalist · rare","mcmc",24,"ok",862,300,300,507.740782,0.9924,0.9151,0.9207,0.8907,0.7612,0.9667
"sp3_generalist_rare","Generalist · rare","mcmc",25,"ok",913,300,300,509.192693,0.9713,0.9703,0.867,0.9426,0.8487,0.9733
"sp3_generalist_rare","Generalist · rare","mcmc",26,"ok",905,300,300,500.669924,0.9703,0.9822,0.9803,0.8686,0.8274,0.97
"sp3_generalist_rare","Generalist · rare","mcmc",27,"ok",940,300,300,438.516614,0.969,0.9535,0.9803,0.9683,0.7744,0.98
"sp3_generalist_rare","Generalist · rare","mcmc",28,"ok",915,300,300,491.011844,0.9952,0.9889,1,0.8642,0.8274,0.98
"sp3_generalist_rare","Generalist · rare","mcmc",29,"ok",918,300,300,499.213223,0.9218,0.8405,0.9046,0.7645,0.8487,0.9467
"sp3_generalist_rare","Generalist · rare","mcmc",30,"ok",900,300,300,456.763353,0.9284,0.9195,0.8297,0.8421,0.7524,0.97
"sp3_generalist_rare","Generalist · rare","mcmc",31,"ok",938,300,300,511.480949,0.9539,0.9822,0.9013,0.9683,0.8487,0.96
"sp3_generalist_rare","Generalist · rare","mcmc",32,"ok",878,300,300,475.205403,0.9533,0.9092,0.8413,0.8736,0.7506,0.96
"sp3_generalist_rare","Generalist · rare","mcmc",33,"ok",925,300,300,446.086513,0.953,0.9171,0.9609,0.8684,0.7741,0.97
"sp3_generalist_rare","Generalist · rare","mcmc",34,"ok",895,300,300,451.162243,0.9924,0.8844,0.8628,0.9683,0.8487,0.9733
"sp3_generalist_rare","Generalist · rare","mcmc",35,"ok",911,300,300,403.797815,0.9507,0.9377,0.907,0.9736,0.7814,0.9367
"sp3_generalist_rare","Generalist · rare","mcmc",36,"ok",952,300,300,483.537024,0.9034,0.8768,0.9527,0.8369,0.8564,0.9567
"sp3_generalist_rare","Generalist · rare","mcmc",37,"ok",909,300,300,443.151835,0.9704,0.9741,0.9764,0.8758,0.8274,0.96
"sp3_generalist_rare","Generalist · rare","mcmc",38,"ok",922,300,300,481.543457,0.9559,0.9481,0.9207,0.8649,0.7316,0.9667
"sp3_generalist_rare","Generalist · rare","mcmc",39,"ok",885,300,300,474.964578,0.9536,0.9422,0.855,0.9642,0.7609,0.9733
"sp3_generalist_rare","Generalist · rare","mcmc",40,"ok",972,300,300,512.696541,0.9809,0.9584,0.9762,1,0.878,0.9667
"sp3_generalist_rare","Generalist · rare","mcmc",41,"ok",909,300,300,446.371598,0.943,0.954,0.907,0.9933,0.878,0.9667
"sp3_generalist_rare","Generalist · rare","mcmc",42,"ok",919,300,300,480.804853,0.9708,0.9689,1,0.9933,0.878,0.9567
"sp3_generalist_rare","Generalist · rare","mcmc",43,"ok",893,300,300,563.248243,0.9708,0.9649,0.8093,0.8758,0.7873,0.9767
"sp3_generalist_rare","Generalist · rare","mcmc",44,"ok",929,300,300,433.458723,0.9952,0.9648,0.8669,0.8433,0.8197,0.97
"sp3_generalist_rare","Generalist · rare","mcmc",45,"ok",934,300,300,457.721259,0.9507,0.912,0.9468,0.9493,0.8334,0.9567
"sp3_generalist_rare","Generalist · rare","mcmc",46,"ok",919,300,300,502.916706,0.9063,0.9276,0.9255,0.8515,0.8197,0.9667
"sp3_generalist_rare","Generalist · rare","mcmc",47,"ok",894,300,300,395.991091,0.9643,0.8996,0.9803,0.8577,0.7689,0.9667
"sp3_generalist_rare","Generalist · rare","mcmc",48,"ok",882,300,300,509.326763,0.9396,0.9354,0.9762,0.9631,0.8334,0.96
"sp3_generalist_rare","Generalist · rare","mcmc",49,"ok",943,300,300,512.415007,0.9377,0.9401,1,0.8484,0.7878,0.94
"sp3_generalist_rare","Generalist · rare","mcmc",50,"ok",899,300,300,474.79708,0.9337,0.9272,0.9167,0.9907,0.878,0.96
"sp4_specialist_rare","Specialist · rare","random",1,"ok",48,48,48,62.006394,0.811,0.6276,0.422,0.512,0.3123,1
"sp4_specialist_rare","Specialist · rare","random",2,"ok",54,54,54,53.133769,0.6374,0.654,0.4175,0.4894,0.4808,1
"sp4_specialist_rare","Specialist · rare","random",3,"ok",36,36,36,30.091201,0.6675,0.6532,0.394,0.4268,0.3495,0.9722
"sp4_specialist_rare","Specialist · rare","random",4,"ok",44,44,44,59.572791,0.7226,0.5513,0.4543,0.4341,0.2397,1
"sp4_specialist_rare","Specialist · rare","random",5,"ok",36,36,36,27.060297,0.7471,0.7176,0.4999,0.3767,0.2525,1
"sp4_specialist_rare","Specialist · rare","random",6,"ok",48,48,48,26.670364,0.6766,0.6859,0.5087,0.5856,0.7039,1
"sp4_specialist_rare","Specialist · rare","random",7,"ok",48,48,48,22.764279,0.7105,0.5736,0.4921,0.4464,0.3407,1
"sp4_specialist_rare","Specialist · rare","random",8,"ok",50,50,50,40.407289,0.6337,0.6073,0.5059,0.4178,0.2473,1
"sp4_specialist_rare","Specialist · rare","random",9,"ok",55,55,55,55.37852,0.7717,0.7673,0.481,0.6129,0.3632,1
"sp4_specialist_rare","Specialist · rare","random",10,"ok",46,46,46,52.136823,0.8329,0.7478,0.5042,0.584,0.5319,1
"sp4_specialist_rare","Specialist · rare","random",11,"ok",40,40,40,13.901177,0.6752,0.5782,0.4471,0.4833,0.3184,1
"sp4_specialist_rare","Specialist · rare","random",12,"ok",46,46,46,33.758362,0.684,0.7163,0.5947,0.8026,0.3862,1
"sp4_specialist_rare","Specialist · rare","random",13,"ok",53,53,53,29.452146,0.7074,0.7287,0.5592,0.4835,0.3674,0.9811
"sp4_specialist_rare","Specialist · rare","random",14,"ok",52,52,52,55.585494,0.7496,0.8316,0.4249,0.3922,0.3423,0.9808
"sp4_specialist_rare","Specialist · rare","random",15,"ok",40,40,40,38.489637,0.6121,0.6394,0.4814,0.5225,0.3057,1
"sp4_specialist_rare","Specialist · rare","random",16,"ok",44,44,44,14.810649,0.652,0.7207,0.6806,0.5547,0.4118,1
"sp4_specialist_rare","Specialist · rare","random",17,"ok",49,49,49,39.359945,0.7821,0.8137,0.5099,0.4622,0.358,1
"sp4_specialist_rare","Specialist · rare","random",18,"ok",56,56,56,27.035041,0.7936,0.7378,0.525,0.5449,0.3234,1
"sp4_specialist_rare","Specialist · rare","random",19,"ok",51,51,51,42.272059,0.656,0.6661,0.5646,0.5245,0.3354,0.9804
"sp4_specialist_rare","Specialist · rare","random",20,"ok",46,46,46,14.718986,0.7856,0.7225,0.3706,0.5078,0.2735,1
"sp4_specialist_rare","Specialist · rare","random",21,"ok",55,55,55,50.375522,0.7006,0.7178,0.5597,0.5992,0.5464,0.9818
"sp4_specialist_rare","Specialist · rare","random",22,"ok",48,48,48,14.726127,0.6293,0.5211,0.4411,0.4593,0.5199,1
"sp4_specialist_rare","Specialist · rare","random",23,"ok",44,44,44,29.91486,0.8602,0.8071,0.4538,0.4804,0.2531,1
"sp4_specialist_rare","Specialist · rare","random",24,"ok",44,44,44,25.162803,0.7077,0.6833,0.4595,0.3809,0.1677,0.9773
"sp4_specialist_rare","Specialist · rare","random",25,"ok",49,49,49,31.062546,0.7059,0.7133,0.468,0.4231,0.4293,1
"sp4_specialist_rare","Specialist · rare","random",26,"ok",43,43,43,52.737336,0.804,0.7805,0.449,0.5268,0.2808,0.9767
"sp4_specialist_rare","Specialist · rare","random",27,"ok",40,40,40,23.349233,0.8198,0.8617,0.4488,0.4144,0.221,1
"sp4_specialist_rare","Specialist · rare","random",28,"ok",44,44,44,12.855115,0.8634,0.7826,0.554,0.7118,0.4193,1
"sp4_specialist_rare","Specialist · rare","random",29,"ok",61,61,61,41.673677,0.8901,0.8148,0.4564,0.4274,0.4294,1
"sp4_specialist_rare","Specialist · rare","random",30,"ok",53,53,53,44.333667,0.8076,0.8143,0.5696,0.4431,0.4992,0.9811
"sp4_specialist_rare","Specialist · rare","random",31,"ok",40,40,40,34.501079,0.6102,0.6318,0.5689,0.5327,0.4619,1
"sp4_specialist_rare","Specialist · rare","random",32,"ok",50,50,50,47.214186,0.8278,0.8113,0.3523,0.5035,0.2711,1
"sp4_specialist_rare","Specialist · rare","random",33,"ok",56,56,56,26.957129,0.6952,0.6975,0.4201,0.4092,0.305,1
"sp4_specialist_rare","Specialist · rare","random",34,"ok",37,37,37,24.725972,0.8808,0.8221,0.5957,0.318,0.3956,1
"sp4_specialist_rare","Specialist · rare","random",35,"ok",48,48,48,43.822631,0.7481,0.8213,0.3742,0.5209,0.2716,1
"sp4_specialist_rare","Specialist · rare","random",36,"ok",51,51,51,14.379244,0.8748,0.8158,0.3906,0.4688,0.2806,1
"sp4_specialist_rare","Specialist · rare","random",37,"ok",39,39,39,32.577029,0.8863,0.8714,0.4973,0.4453,0.3239,1
"sp4_specialist_rare","Specialist · rare","random",38,"ok",50,50,50,54.353388,0.6778,0.679,0.4256,0.5006,0.3059,0.96
"sp4_specialist_rare","Specialist · rare","random",39,"ok",49,49,49,20.676364,0.8054,0.7839,0.4415,0.3934,0.2842,1
"sp4_specialist_rare","Specialist · rare","random",40,"ok",43,43,43,17.899859,0.8601,0.7391,0.5328,0.6413,0.3695,1
"sp4_specialist_rare","Specialist · rare","random",41,"ok",59,59,59,50.664596,0.734,0.7319,0.423,0.5944,0.3958,1
"sp4_specialist_rare","Specialist · rare","random",42,"ok",59,59,59,28.399287,0.8037,0.8313,0.5498,0.3974,0.3448,1
"sp4_specialist_rare","Specialist · rare","random",43,"ok",43,43,43,31.086996,0.752,0.7825,0.5589,0.4188,0.1685,1
"sp4_specialist_rare","Specialist · rare","random",44,"ok",44,44,44,42.078412,0.766,0.7386,0.62,0.6073,0.4075,0.9773
"sp4_specialist_rare","Specialist · rare","random",45,"ok",48,48,48,34.121164,0.6635,0.7019,0.4153,0.3651,0.2427,1
"sp4_specialist_rare","Specialist · rare","random",46,"ok",42,42,42,30.04034,0.7206,0.6287,0.6494,0.4954,0.2749,1
"sp4_specialist_rare","Specialist · rare","random",47,"ok",49,49,49,25.555755,0.7135,0.7705,0.5204,0.7151,0.2463,1
"sp4_specialist_rare","Specialist · rare","random",48,"ok",45,45,45,39.756221,0.5733,0.5977,0.5095,0.3752,0.308,1
"sp4_specialist_rare","Specialist · rare","random",49,"ok",48,48,48,47.154892,0.7181,0.5996,0.439,0.3862,0.3303,1
"sp4_specialist_rare","Specialist · rare","random",50,"ok",58,58,58,54.627494,0.7809,0.7914,0.5378,0.5678,0.3112,1
"sp4_specialist_rare","Specialist · rare","buffer",1,"ok",48,48,48,51.365373,0.6771,0.7224,0.4428,0.3924,0.2911,1
"sp4_specialist_rare","Specialist · rare","buffer",2,"ok",54,54,54,25.565301,0.7186,0.6498,0.5143,0.5847,0.2582,1
"sp4_specialist_rare","Specialist · rare","buffer",3,"ok",36,36,36,26.937527,0.778,0.7319,0.5238,0.3725,0.2877,1
"sp4_specialist_rare","Specialist · rare","buffer",4,"ok",44,44,44,47.279698,0.8357,0.7332,0.555,0.5233,0.3858,1
"sp4_specialist_rare","Specialist · rare","buffer",5,"ok",36,36,36,23.463885,0.6591,0.7054,0.4746,0.4224,0.3883,1
"sp4_specialist_rare","Specialist · rare","buffer",6,"ok",48,48,48,15.986255,0.6284,0.722,0.4711,0.5889,0.3529,1
"sp4_specialist_rare","Specialist · rare","buffer",7,"ok",48,48,48,25.157201,0.7857,0.6795,0.474,0.5883,0.3632,1
"sp4_specialist_rare","Specialist · rare","buffer",8,"ok",50,50,50,28.215536,0.6472,0.5773,0.4588,0.4761,0.447,1
"sp4_specialist_rare","Specialist · rare","buffer",9,"ok",55,55,55,26.112835,0.7087,0.7482,0.4291,0.4749,0.3266,1
"sp4_specialist_rare","Specialist · rare","buffer",10,"ok",46,46,46,30.311734,0.6789,0.6797,0.7917,0.9095,0.6352,1
"sp4_specialist_rare","Specialist · rare","buffer",11,"ok",40,40,40,20.44158,0.6419,0.5627,0.5209,0.4272,0.1708,1
"sp4_specialist_rare","Specialist · rare","buffer",12,"ok",46,46,46,15.793723,0.7365,0.7273,0.4361,0.4423,0.3369,1
"sp4_specialist_rare","Specialist · rare","buffer",13,"ok",53,53,53,11.297859,0.7853,0.7793,0.6022,0.5039,0.5593,1
"sp4_specialist_rare","Specialist · rare","buffer",14,"ok",52,52,52,31.067004,0.69,0.8334,0.5988,0.642,0.4083,1
"sp4_specialist_rare","Specialist · rare","buffer",15,"ok",40,40,40,16.950623,0.7818,0.715,0.4264,0.4296,0.166,1
"sp4_specialist_rare","Specialist · rare","buffer",16,"ok",44,44,44,18.63497,0.8736,0.7952,0.5499,0.4634,0.3371,1
"sp4_specialist_rare","Specialist · rare","buffer",17,"ok",49,49,49,27.238135,0.7882,0.7225,0.4448,0.5916,0.4041,1
"sp4_specialist_rare","Specialist · rare","buffer",18,"ok",56,56,56,47.132224,0.7942,0.7396,0.4488,0.4142,0.2602,1
"sp4_specialist_rare","Specialist · rare","buffer",19,"ok",51,51,51,19.74837,0.7257,0.8432,0.6242,0.5245,0.3665,1
"sp4_specialist_rare","Specialist · rare","buffer",20,"ok",46,46,46,43.578106,0.7664,0.7158,0.4172,0.5397,0.2721,1
"sp4_specialist_rare","Specialist · rare","buffer",21,"ok",55,55,55,44.107153,0.6525,0.6899,0.4239,0.5219,0.3319,1
"sp4_specialist_rare","Specialist · rare","buffer",22,"ok",48,48,48,24.119576,0.6457,0.7473,0.5382,0.4083,0.3149,1
"sp4_specialist_rare","Specialist · rare","buffer",23,"ok",44,44,44,10.042112,0.7615,0.7601,0.514,0.5177,0.195,1
"sp4_specialist_rare","Specialist · rare","buffer",24,"ok",44,44,44,29.946505,0.7779,0.6707,0.4674,0.4775,0.2176,1
"sp4_specialist_rare","Specialist · rare","buffer",25,"ok",49,49,49,33.985996,0.6783,0.7021,0.4232,0.3794,0.3561,1
"sp4_specialist_rare","Specialist · rare","buffer",26,"ok",43,43,43,18.260279,0.8144,0.7936,0.8758,0.6767,0.5915,1
"sp4_specialist_rare","Specialist · rare","buffer",27,"ok",40,40,40,13.618293,0.7546,0.7483,0.5311,0.6011,0.4353,1
"sp4_specialist_rare","Specialist · rare","buffer",28,"ok",44,44,44,13.74381,0.6758,0.637,0.609,0.7304,0.6888,1
"sp4_specialist_rare","Specialist · rare","buffer",29,"ok",61,61,61,12.294218,0.8804,0.8475,0.4564,0.5117,0.3035,1
"sp4_specialist_rare","Specialist · rare","buffer",30,"ok",53,53,53,42.027421,0.8825,0.8143,0.6931,0.6511,0.3338,1
"sp4_specialist_rare","Specialist · rare","buffer",31,"ok",40,40,40,33.252971,0.6367,0.6318,0.541,0.4832,0.3039,1
"sp4_specialist_rare","Specialist · rare","buffer",32,"ok",50,50,50,27.272614,0.8116,0.7864,0.4894,0.4232,0.3322,1
"sp4_specialist_rare","Specialist · rare","buffer",33,"ok",56,56,56,22.994399,0.6984,0.7166,0.6059,0.5682,0.2974,1
"sp4_specialist_rare","Specialist · rare","buffer",34,"ok",37,37,37,6.997168,0.8178,0.8179,0.4687,0.4119,0.3488,1
"sp4_specialist_rare","Specialist · rare","buffer",35,"ok",48,48,48,19.460365,0.8279,0.8182,0.3542,0.4324,0.2682,1
"sp4_specialist_rare","Specialist · rare","buffer",36,"ok",51,51,51,25.130047,0.9396,0.8965,0.5624,0.68,0.3007,1
"sp4_specialist_rare","Specialist · rare","buffer",37,"ok",39,39,39,16.298627,0.9444,0.8314,0.6097,0.499,0.3349,1
"sp4_specialist_rare","Specialist · rare","buffer",38,"ok",50,50,50,32.988788,0.7003,0.6334,0.6035,0.7891,0.5748,1
"sp4_specialist_rare","Specialist · rare","buffer",39,"ok",49,49,49,22.262705,0.7724,0.8015,0.3082,0.4524,0.1888,1
"sp4_specialist_rare","Specialist · rare","buffer",40,"ok",43,43,43,19.369336,0.8188,0.78,0.5449,0.4827,0.2156,1
"sp4_specialist_rare","Specialist · rare","buffer",41,"ok",59,59,59,38.348125,0.6424,0.7319,0.5006,0.601,0.252,1
"sp4_specialist_rare","Specialist · rare","buffer",42,"ok",59,59,59,26.660674,0.6652,0.7394,0.4132,0.5152,0.407,1
"sp4_specialist_rare","Specialist · rare","buffer",43,"ok",43,43,43,23.776297,0.7432,0.7228,0.4897,0.5163,0.4435,1
"sp4_specialist_rare","Specialist · rare","buffer",44,"ok",44,44,44,47.317301,0.8028,0.7671,0.5923,0.3221,0.2132,1
"sp4_specialist_rare","Specialist · rare","buffer",45,"ok",48,48,48,16.05165,0.7713,0.7642,0.4308,0.5697,0.237,1
"sp4_specialist_rare","Specialist · rare","buffer",46,"ok",42,42,42,37.612415,0.742,0.6904,0.5594,0.3857,0.3814,1
"sp4_specialist_rare","Specialist · rare","buffer",47,"ok",49,49,49,17.406698,0.8407,0.7287,0.6575,0.5606,0.3321,1
"sp4_specialist_rare","Specialist · rare","buffer",48,"ok",45,45,45,29.183389,0.5585,0.6749,0.6498,0.6924,0.3698,1
"sp4_specialist_rare","Specialist · rare","buffer",49,"ok",48,48,48,28.366036,0.7244,0.7113,0.4003,0.5363,0.2153,1
"sp4_specialist_rare","Specialist · rare","buffer",50,"ok",58,58,58,59.454332,0.7032,0.765,0.4081,0.3851,0.2445,1
"sp4_specialist_rare","Specialist · rare","mcmc",1,"ok",48,48,48,11.423441,0.9109,0.9461,0.861,0.6809,0.7112,1
"sp4_specialist_rare","Specialist · rare","mcmc",2,"ok",54,54,54,41.39457,0.9383,0.9418,0.6029,0.587,0.4116,0.9815
"sp4_specialist_rare","Specialist · rare","mcmc",3,"ok",36,36,36,1.782285,0.8061,0.8908,0.9192,0.8421,0.6666,1
"sp4_specialist_rare","Specialist · rare","mcmc",4,"ok",44,44,44,24.375613,0.7225,0.8606,0.6553,0.58,0.6669,0.9773
"sp4_specialist_rare","Specialist · rare","mcmc",5,"ok",36,36,36,10.829101,0.6993,0.8102,0.8292,0.9184,0.8334,1
"sp4_specialist_rare","Specialist · rare","mcmc",6,"ok",48,48,48,44.387952,0.6973,0.7856,0.8811,0.8515,0.6418,0.9792
"sp4_specialist_rare","Specialist · rare","mcmc",7,"ok",48,48,48,10.737208,0.6106,0.6614,0.9136,0.7083,0.631,1
"sp4_specialist_rare","Specialist · rare","mcmc",8,"ok",50,50,50,28.85401,0.7575,0.8924,0.8447,0.716,0.6996,1
"sp4_specialist_rare","Specialist · rare","mcmc",9,"ok",55,55,55,24.949366,0.7242,0.7284,0.7,0.7945,0.8197,1
"sp4_specialist_rare","Specialist · rare","mcmc",10,"ok",46,46,46,36.985242,0.7895,0.7785,0.8566,0.6682,0.8044,0.9783
"sp4_specialist_rare","Specialist · rare","mcmc",11,"ok",40,40,40,5.549626,0.744,0.8404,0.8586,0.9477,0.688,1
"sp4_specialist_rare","Specialist · rare","mcmc",12,"ok",46,46,46,14.929314,0.8294,0.8212,0.7776,0.6514,0.6771,1
"sp4_specialist_rare","Specialist · rare","mcmc",13,"ok",53,53,53,13.696852,0.8333,0.711,0.7212,0.8042,0.7872,1
"sp4_specialist_rare","Specialist · rare","mcmc",14,"ok",52,52,52,15.481784,0.832,0.8391,0.7403,0.6803,0.7376,1
"sp4_specialist_rare","Specialist · rare","mcmc",15,"ok",40,40,40,13.616386,0.6571,0.6784,0.8292,0.9282,0.7174,1
"sp4_specialist_rare","Specialist · rare","mcmc",16,"ok",44,44,44,20.252268,0.8597,0.8099,0.7849,0.9532,0.6875,1
"sp4_specialist_rare","Specialist · rare","mcmc",17,"ok",49,49,49,19.828909,0.919,0.8329,0.8219,0.6152,0.7493,1
"sp4_specialist_rare","Specialist · rare","mcmc",18,"ok",56,56,56,20.24505,0.9266,0.9354,0.8606,0.8182,0.6771,1
"sp4_specialist_rare","Specialist · rare","mcmc",19,"ok",51,51,51,29.412098,0.5906,0.7448,0.6409,0.7385,0.6049,0.9804
"sp4_specialist_rare","Specialist · rare","mcmc",20,"ok",46,46,46,18.216549,0.9236,0.8409,0.8423,0.7977,0.6671,1
"sp4_specialist_rare","Specialist · rare","mcmc",21,"ok",55,55,55,47.294431,0.7348,0.779,0.7875,0.7857,0.849,0.9818
"sp4_specialist_rare","Specialist · rare","mcmc",22,"ok",48,48,48,6.81931,0.721,0.7186,0.9088,0.7961,0.7085,1
"sp4_specialist_rare","Specialist · rare","mcmc",23,"ok",44,44,44,3.713621,0.8187,0.8991,0.8456,0.7063,0.8026,1
"sp4_specialist_rare","Specialist · rare","mcmc",24,"ok",44,44,44,6.893639,0.9007,0.8993,0.9404,0.7983,0.6558,1
"sp4_specialist_rare","Specialist · rare","mcmc",25,"ok",49,49,49,20.65119,0.9175,0.7592,0.6944,0.7901,0.7454,1
"sp4_specialist_rare","Specialist · rare","mcmc",26,"ok",43,43,43,21.992434,0.8405,0.6406,0.8264,0.6185,0.7148,0.9767
"sp4_specialist_rare","Specialist · rare","mcmc",27,"ok",40,40,40,8.045386,0.8943,0.9385,0.8628,0.9157,0.7256,1
"sp4_specialist_rare","Specialist · rare","mcmc",28,"ok",44,44,44,7.406551,0.8756,0.846,0.8422,0.918,0.8487,1
"sp4_specialist_rare","Specialist · rare","mcmc",29,"ok",61,61,61,20.500467,0.851,0.7985,0.7174,0.6211,0.7032,1
"sp4_specialist_rare","Specialist · rare","mcmc",30,"ok",53,53,53,19.399207,0.9266,0.9169,0.8369,0.8327,0.6876,1
"sp4_specialist_rare","Specialist · rare","mcmc",31,"ok",40,40,40,14.856106,0.9315,0.9113,0.7538,0.7165,0.7284,1
"sp4_specialist_rare","Specialist · rare","mcmc",32,"ok",50,50,50,15.911187,0.9073,0.8876,0.7927,0.8989,0.8487,1
"sp4_specialist_rare","Specialist · rare","mcmc",33,"ok",56,56,56,22.684816,0.882,0.798,0.8982,0.7825,0.7741,1
"sp4_specialist_rare","Specialist · rare","mcmc",34,"ok",37,37,37,12.674276,0.787,0.738,0.8575,0.6716,0.5518,1
"sp4_specialist_rare","Specialist · rare","mcmc",35,"ok",48,48,48,22.099515,0.706,0.7242,0.8635,0.6606,0.8197,1
"sp4_specialist_rare","Specialist · rare","mcmc",36,"ok",51,51,51,20.236323,0.9517,0.801,0.9142,0.8642,0.7215,1
"sp4_specialist_rare","Specialist · rare","mcmc",37,"ok",39,39,39,10.810414,0.8649,0.8329,0.8588,0.9477,0.7609,1
"sp4_specialist_rare","Specialist · rare","mcmc",38,"ok",50,50,50,23.538316,0.9327,0.9178,0.84,0.8027,0.8082,1
"sp4_specialist_rare","Specialist · rare","mcmc",39,"ok",49,49,49,21.170519,0.6715,0.6256,0.7231,0.8106,0.7996,1
"sp4_specialist_rare","Specialist · rare","mcmc",40,"ok",43,43,43,11.321038,0.7635,0.5596,0.7175,0.8178,0.7159,1
"sp4_specialist_rare","Specialist · rare","mcmc",41,"ok",59,59,59,17.987012,0.9218,0.8547,0.7292,0.8478,0.7161,1
"sp4_specialist_rare","Specialist · rare","mcmc",42,"ok",59,59,59,33.384701,0.9724,0.9233,0.8086,0.6593,0.8319,1
"sp4_specialist_rare","Specialist · rare","mcmc",43,"ok",43,43,43,17.433815,0.7376,0.8546,0.8676,0.9536,0.7256,1
"sp4_specialist_rare","Specialist · rare","mcmc",44,"ok",44,44,44,32.6033,0.871,0.886,0.9088,0.759,0.8026,1
"sp4_specialist_rare","Specialist · rare","mcmc",45,"ok",48,48,48,24.316943,0.9086,0.8822,0.9192,0.7929,0.6935,1
"sp4_specialist_rare","Specialist · rare","mcmc",46,"ok",42,42,42,24.753049,0.8705,0.7864,0.7911,0.6253,0.6658,1
"sp4_specialist_rare","Specialist · rare","mcmc",47,"ok",49,49,49,8.942665,0.7696,0.7731,0.7183,0.796,0.7316,1
"sp4_specialist_rare","Specialist · rare","mcmc",48,"ok",45,45,45,22.228078,0.8117,0.8398,0.7174,0.6769,0.6064,1
"sp4_specialist_rare","Specialist · rare","mcmc",49,"ok",48,48,48,23.267279,0.7604,0.6348,0.654,0.6483,0.7494,1
"sp4_specialist_rare","Specialist · rare","mcmc",50,"ok",58,58,58,13.239813,0.8528,0.7557,0.9803,0.7539,0.8274,1
