"species","species_label","predictor_set","metric","uniform_plus","RND","buffer","delta_vs_best_naive","category"
"sp1_generalist_common","Generalist · common","pc5","cor_truth",0.813,0.879,0.874,-0.065,"beats none"
"sp1_generalist_common","Generalist · common","pc5","rmse_truth",0.287,0.187,0.238,-0.1,"beats none"
"sp1_generalist_common","Generalist · common","pc5","auc",0.969,0.866,0.97,0,"beats one"
"sp1_generalist_common","Generalist · common","pc5","boyce",0.773,0.846,0.798,-0.073,"beats none"
"sp1_generalist_common","Generalist · common","pc5","tss",0.867,0.656,0.861,0.006,"beats both"
"sp1_generalist_common","Generalist · common","pc5","sensitivity",0.956,0.922,0.933,0.022,"beats both"
"sp1_generalist_common","Generalist · common","pc5","specificity",0.911,0.744,0.922,-0.011,"beats one"
"sp1_generalist_common","Generalist · common","pc5","kappa",0.867,0.656,0.861,0.006,"beats both"
"sp1_generalist_common","Generalist · common","pc5","cor",0.868,0.668,0.864,0.005,"beats both"
"sp1_generalist_common","Generalist · common","pc5","r2",0.749,0.437,0.731,0.018,"beats both"
"sp1_generalist_common","Generalist · common","pc5","rmse",0.26,0.376,0.263,0.003,"beats both"
"sp1_generalist_common","Generalist · common","pc5","deviance",87.719,159.959,89.447,1.727,"beats both"
"sp3_generalist_rare","Generalist · rare","pc5","cor_truth",0.571,0.711,0.709,-0.141,"beats none"
"sp3_generalist_rare","Generalist · rare","pc5","rmse_truth",0.444,0.342,0.381,-0.102,"beats none"
"sp3_generalist_rare","Generalist · rare","pc5","auc",0.903,0.836,0.917,-0.014,"beats one"
"sp3_generalist_rare","Generalist · rare","pc5","boyce",0.891,0.92,0.919,-0.028,"beats none"
"sp3_generalist_rare","Generalist · rare","pc5","tss",0.678,0.556,0.7,-0.022,"beats one"
"sp3_generalist_rare","Generalist · rare","pc5","sensitivity",0.889,0.844,0.867,0.022,"beats both"
"sp3_generalist_rare","Generalist · rare","pc5","specificity",0.8,0.744,0.844,-0.044,"beats one"
"sp3_generalist_rare","Generalist · rare","pc5","kappa",0.678,0.556,0.7,-0.022,"beats one"
"sp3_generalist_rare","Generalist · rare","pc5","cor",0.706,0.589,0.728,-0.021,"beats one"
"sp3_generalist_rare","Generalist · rare","pc5","r2",0.495,0.332,0.521,-0.026,"beats one"
"sp3_generalist_rare","Generalist · rare","pc5","rmse",0.363,0.409,0.353,-0.011,"beats one"
"sp3_generalist_rare","Generalist · rare","pc5","deviance",150.495,182.691,143.408,-7.087,"beats one"
"sp2_specialist_common","Specialist · common","pc5","cor_truth",0.723,0.811,0.77,-0.088,"beats none"
"sp2_specialist_common","Specialist · common","pc5","rmse_truth",0.272,0.192,0.253,-0.08,"beats none"
"sp2_specialist_common","Specialist · common","pc5","auc",0.995,0.95,0.996,-0.001,"beats one"
"sp2_specialist_common","Specialist · common","pc5","boyce",0.72,0.765,0.725,-0.046,"beats none"
"sp2_specialist_common","Specialist · common","pc5","tss",0.967,0.844,0.956,0.011,"beats both"
"sp2_specialist_common","Specialist · common","pc5","sensitivity",1,0.978,0.989,0.011,"beats both"
"sp2_specialist_common","Specialist · common","pc5","specificity",0.967,0.867,0.978,-0.011,"beats one"
"sp2_specialist_common","Specialist · common","pc5","kappa",0.967,0.844,0.956,0.011,"beats both"
"sp2_specialist_common","Specialist · common","pc5","cor",0.956,0.843,0.955,0.001,"beats one"
"sp2_specialist_common","Specialist · common","pc5","r2",0.918,0.702,0.921,-0.003,"beats one"
"sp2_specialist_common","Specialist · common","pc5","rmse",0.159,0.281,0.165,0.006,"beats both"
"sp2_specialist_common","Specialist · common","pc5","deviance",39.533,98.063,39.145,-0.388,"beats one"
"sp4_specialist_rare","Specialist · rare","pc5","cor_truth",0.327,0.353,0.36,-0.033,"beats none"
"sp4_specialist_rare","Specialist · rare","pc5","rmse_truth",0.314,0.298,0.301,-0.017,"beats none"
"sp4_specialist_rare","Specialist · rare","pc5","auc",0.972,0.976,0.973,-0.004,"beats none"
"sp4_specialist_rare","Specialist · rare","pc5","boyce",0.768,0.762,0.765,0.003,"beats both"
"sp4_specialist_rare","Specialist · rare","pc5","tss",0.917,0.909,0.909,0.008,"beats both"
"sp4_specialist_rare","Specialist · rare","pc5","sensitivity",1,1,1,0,"beats none"
"sp4_specialist_rare","Specialist · rare","pc5","specificity",0.929,0.923,0.929,0,"beats one"
"sp4_specialist_rare","Specialist · rare","pc5","kappa",0.917,0.909,0.909,0.008,"beats both"
"sp4_specialist_rare","Specialist · rare","pc5","cor",0.866,0.866,0.865,0,"beats none"
"sp4_specialist_rare","Specialist · rare","pc5","r2",0.772,0.781,0.812,-0.04,"beats none"
"sp4_specialist_rare","Specialist · rare","pc5","rmse",0.28,0.28,0.275,-0.005,"beats none"
"sp4_specialist_rare","Specialist · rare","pc5","deviance",17.425,16.827,16.628,-0.797,"beats none"
"sp1_generalist_common","Generalist · common","raw12","cor_truth",0.761,0.867,0.855,-0.106,"beats none"
"sp1_generalist_common","Generalist · common","raw12","rmse_truth",0.321,0.193,0.249,-0.128,"beats none"
"sp1_generalist_common","Generalist · common","raw12","auc",0.966,0.862,0.967,-0.001,"beats one"
"sp1_generalist_common","Generalist · common","raw12","boyce",0.742,0.862,0.809,-0.121,"beats none"
"sp1_generalist_common","Generalist · common","raw12","tss",0.867,0.644,0.856,0.011,"beats both"
"sp1_generalist_common","Generalist · common","raw12","sensitivity",0.956,0.9,0.933,0.022,"beats both"
"sp1_generalist_common","Generalist · common","raw12","specificity",0.911,0.75,0.922,-0.011,"beats one"
"sp1_generalist_common","Generalist · common","raw12","kappa",0.867,0.644,0.856,0.011,"beats both"
"sp1_generalist_common","Generalist · common","raw12","cor",0.866,0.657,0.858,0.008,"beats both"
"sp1_generalist_common","Generalist · common","raw12","r2",0.765,0.437,0.737,0.027,"beats both"
"sp1_generalist_common","Generalist · common","raw12","rmse",0.263,0.38,0.267,0.004,"beats both"
"sp1_generalist_common","Generalist · common","raw12","deviance",89.87,163.099,91.736,1.866,"beats both"
"sp3_generalist_rare","Generalist · rare","raw12","cor_truth",0.513,0.668,0.662,-0.155,"beats none"
"sp3_generalist_rare","Generalist · rare","raw12","rmse_truth",0.461,0.35,0.397,-0.11,"beats none"
"sp3_generalist_rare","Generalist · rare","raw12","auc",0.894,0.826,0.909,-0.016,"beats one"
"sp3_generalist_rare","Generalist · rare","raw12","boyce",0.921,0.919,0.923,-0.002,"beats one"
"sp3_generalist_rare","Generalist · rare","raw12","tss",0.667,0.544,0.689,-0.022,"beats one"
"sp3_generalist_rare","Generalist · rare","raw12","sensitivity",0.867,0.833,0.867,0,"beats one"
"sp3_generalist_rare","Generalist · rare","raw12","specificity",0.8,0.722,0.833,-0.033,"beats one"
"sp3_generalist_rare","Generalist · rare","raw12","kappa",0.667,0.544,0.689,-0.022,"beats one"
"sp3_generalist_rare","Generalist · rare","raw12","cor",0.688,0.571,0.718,-0.03,"beats one"
"sp3_generalist_rare","Generalist · rare","raw12","r2",0.482,0.329,0.525,-0.043,"beats one"
"sp3_generalist_rare","Generalist · rare","raw12","rmse",0.372,0.414,0.358,-0.014,"beats one"
"sp3_generalist_rare","Generalist · rare","raw12","deviance",155.803,186.637,146.873,-8.93,"beats one"
"sp2_specialist_common","Specialist · common","raw12","cor_truth",0.668,0.792,0.745,-0.124,"beats none"
"sp2_specialist_common","Specialist · common","raw12","rmse_truth",0.306,0.203,0.265,-0.102,"beats none"
"sp2_specialist_common","Specialist · common","raw12","auc",0.991,0.948,0.995,-0.004,"beats one"
"sp2_specialist_common","Specialist · common","raw12","boyce",0.712,0.788,0.743,-0.076,"beats none"
"sp2_specialist_common","Specialist · common","raw12","tss",0.956,0.833,0.956,0,"beats one"
"sp2_specialist_common","Specialist · common","raw12","sensitivity",0.989,0.978,0.989,0,"beats one"
"sp2_specialist_common","Specialist · common","raw12","specificity",0.967,0.856,0.972,-0.006,"beats one"
"sp2_specialist_common","Specialist · common","raw12","kappa",0.956,0.833,0.956,0,"beats one"
"sp2_specialist_common","Specialist · common","raw12","cor",0.946,0.831,0.948,-0.001,"beats one"
"sp2_specialist_common","Specialist · common","raw12","r2",0.912,0.692,0.917,-0.005,"beats one"
"sp2_specialist_common","Specialist · common","raw12","rmse",0.176,0.286,0.176,0.001,"beats one"
"sp2_specialist_common","Specialist · common","raw12","deviance",52.892,101.609,45.67,-7.222,"beats one"
"sp4_specialist_rare","Specialist · rare","raw12","cor_truth",0.261,0.305,0.314,-0.052,"beats none"
"sp4_specialist_rare","Specialist · rare","raw12","rmse_truth",0.377,0.336,0.336,-0.041,"beats none"
"sp4_specialist_rare","Specialist · rare","raw12","auc",0.948,0.948,0.959,-0.011,"beats none"
"sp4_specialist_rare","Specialist · rare","raw12","boyce",0.743,0.771,0.799,-0.056,"beats none"
"sp4_specialist_rare","Specialist · rare","raw12","tss",0.833,0.846,0.867,-0.033,"beats none"
"sp4_specialist_rare","Specialist · rare","raw12","sensitivity",0.972,1,1,-0.028,"beats none"
"sp4_specialist_rare","Specialist · rare","raw12","specificity",0.879,0.909,0.923,-0.044,"beats none"
"sp4_specialist_rare","Specialist · rare","raw12","kappa",0.833,0.846,0.867,-0.033,"beats none"
"sp4_specialist_rare","Specialist · rare","raw12","cor",0.806,0.807,0.823,-0.017,"beats none"
"sp4_specialist_rare","Specialist · rare","raw12","r2",0.721,0.753,0.769,-0.048,"beats none"
"sp4_specialist_rare","Specialist · rare","raw12","rmse",0.322,0.327,0.316,-0.006,"beats one"
"sp4_specialist_rare","Specialist · rare","raw12","deviance",20.848,21.631,20.632,-0.217,"beats one"
