"species","predictor_set","algorithm","metric","comparison","Z","p_adj","significant"
"sp1_generalist_common","pc5","glm","cor_truth","uniform+ - buffer",-5.9937,4.102e-09,TRUE
"sp1_generalist_common","pc5","glm","cor_truth","uniform+ - random",-11.1588,1.945e-28,TRUE
"sp1_generalist_common","pc5","glm","rmse_truth","uniform+ - buffer",5.4505,5.022e-08,TRUE
"sp1_generalist_common","pc5","glm","rmse_truth","uniform+ - random",11.3568,2.059e-29,TRUE
"sp1_generalist_common","pc5","glm","auc","uniform+ - buffer",-1.9036,0.05697,FALSE
"sp1_generalist_common","pc5","glm","auc","uniform+ - random",7.6798,3.186e-14,TRUE
"sp1_generalist_common","pc5","glm","tss","uniform+ - buffer",0.0265,0.9789,FALSE
"sp1_generalist_common","pc5","glm","tss","uniform+ - random",8.629,1.856e-17,TRUE
"sp1_generalist_common","pc5","glm","boyce","uniform+ - buffer",-0.7734,0.4393,FALSE
"sp1_generalist_common","pc5","glm","boyce","uniform+ - random",-6.0283,4.972e-09,TRUE
"sp1_generalist_common","pc5","gam","cor_truth","uniform+ - buffer",-6.6451,6.059e-11,TRUE
"sp1_generalist_common","pc5","gam","cor_truth","uniform+ - random",-10.3901,8.255e-25,TRUE
"sp1_generalist_common","pc5","gam","rmse_truth","uniform+ - buffer",5.5932,2.229e-08,TRUE
"sp1_generalist_common","pc5","gam","rmse_truth","uniform+ - random",11.4281,9.075e-30,TRUE
"sp1_generalist_common","pc5","gam","auc","uniform+ - buffer",-0.5409,0.5886,FALSE
"sp1_generalist_common","pc5","gam","auc","uniform+ - random",8.3611,1.242e-16,TRUE
"sp1_generalist_common","pc5","gam","tss","uniform+ - buffer",0.7089,0.4784,FALSE
"sp1_generalist_common","pc5","gam","tss","uniform+ - random",8.9875,7.584e-19,TRUE
"sp1_generalist_common","pc5","gam","boyce","uniform+ - buffer",-1.068,0.2855,FALSE
"sp1_generalist_common","pc5","gam","boyce","uniform+ - random",-6.2308,1.392e-09,TRUE
"sp1_generalist_common","pc5","rf","cor_truth","uniform+ - buffer",-8.8134,3.643e-18,TRUE
"sp1_generalist_common","pc5","rf","cor_truth","uniform+ - random",-6.2331,9.145e-10,TRUE
"sp1_generalist_common","pc5","rf","rmse_truth","uniform+ - buffer",5.6324,1.778e-08,TRUE
"sp1_generalist_common","pc5","rf","rmse_truth","uniform+ - random",11.3269,2.898e-29,TRUE
"sp1_generalist_common","pc5","rf","auc","uniform+ - buffer",0.5202,0.6029,FALSE
"sp1_generalist_common","pc5","rf","auc","uniform+ - random",8.8917,1.805e-18,TRUE
"sp1_generalist_common","pc5","rf","tss","uniform+ - buffer",0.1061,0.9155,FALSE
"sp1_generalist_common","pc5","rf","tss","uniform+ - random",8.6951,1.04e-17,TRUE
"sp1_generalist_common","pc5","rf","boyce","uniform+ - buffer",-0.4557,0.6486,FALSE
"sp1_generalist_common","pc5","rf","boyce","uniform+ - random",-2.7345,0.01874,TRUE
"sp1_generalist_common","pc5","brt","cor_truth","uniform+ - buffer",-6.7832,2.35e-11,TRUE
"sp1_generalist_common","pc5","brt","cor_truth","uniform+ - random",-10.2589,3.239e-24,TRUE
"sp1_generalist_common","pc5","brt","rmse_truth","uniform+ - buffer",5.5863,2.319e-08,TRUE
"sp1_generalist_common","pc5","brt","rmse_truth","uniform+ - random",11.366,1.853e-29,TRUE
"sp1_generalist_common","pc5","brt","auc","uniform+ - buffer",0.557,0.5775,FALSE
"sp1_generalist_common","pc5","brt","auc","uniform+ - random",8.9101,1.53e-18,TRUE
"sp1_generalist_common","pc5","brt","tss","uniform+ - buffer",0.1695,0.8654,FALSE
"sp1_generalist_common","pc5","brt","tss","uniform+ - random",8.7256,7.941e-18,TRUE
"sp1_generalist_common","pc5","brt","boyce","uniform+ - buffer",-3.7587,0.0003415,TRUE
"sp1_generalist_common","pc5","brt","boyce","uniform+ - random",-3.8439,0.0003633,TRUE
"sp1_generalist_common","pc5","maxent","cor_truth","uniform+ - buffer",-8.6891,1.096e-17,TRUE
"sp1_generalist_common","pc5","maxent","cor_truth","uniform+ - random",-7.3172,5.063e-13,TRUE
"sp1_generalist_common","pc5","maxent","rmse_truth","uniform+ - buffer",8.8341,3.028e-18,TRUE
"sp1_generalist_common","pc5","maxent","rmse_truth","uniform+ - random",6.827,1.735e-11,TRUE
"sp1_generalist_common","pc5","maxent","auc","uniform+ - buffer",0.0184,0.9853,FALSE
"sp1_generalist_common","pc5","maxent","auc","uniform+ - random",8.6409,1.674e-17,TRUE
"sp1_generalist_common","pc5","maxent","tss","uniform+ - buffer",0.5095,0.6104,FALSE
"sp1_generalist_common","pc5","maxent","tss","uniform+ - random",8.8903,1.829e-18,TRUE
"sp1_generalist_common","pc5","maxent","boyce","uniform+ - buffer",-1.5307,0.2517,FALSE
"sp1_generalist_common","pc5","maxent","boyce","uniform+ - random",-1.7217,0.2554,FALSE
"sp1_generalist_common","raw12","glm","cor_truth","uniform+ - buffer",-6.4725,1.928e-10,TRUE
"sp1_generalist_common","raw12","glm","cor_truth","uniform+ - random",-10.7768,1.33e-26,TRUE
"sp1_generalist_common","raw12","glm","rmse_truth","uniform+ - buffer",5.7313,9.964e-09,TRUE
"sp1_generalist_common","raw12","glm","rmse_truth","uniform+ - random",11.4972,4.088e-30,TRUE
"sp1_generalist_common","raw12","glm","auc","uniform+ - buffer",-0.6928,0.4884,FALSE
"sp1_generalist_common","raw12","glm","auc","uniform+ - random",8.2852,2.358e-16,TRUE
"sp1_generalist_common","raw12","glm","tss","uniform+ - buffer",0.9194,0.3579,FALSE
"sp1_generalist_common","raw12","glm","tss","uniform+ - random",9.0729,3.478e-19,TRUE
"sp1_generalist_common","raw12","glm","boyce","uniform+ - buffer",-1.2452,0.213,FALSE
"sp1_generalist_common","raw12","glm","boyce","uniform+ - random",-6.1917,1.786e-09,TRUE
"sp1_generalist_common","raw12","gam","cor_truth","uniform+ - buffer",-6.995,5.305e-12,TRUE
"sp1_generalist_common","raw12","gam","cor_truth","uniform+ - random",-10.1092,1.508e-23,TRUE
"sp1_generalist_common","raw12","gam","rmse_truth","uniform+ - buffer",5.7636,1.647e-08,TRUE
"sp1_generalist_common","raw12","gam","rmse_truth","uniform+ - random",11.4166,1.036e-29,TRUE
"sp1_generalist_common","raw12","gam","auc","uniform+ - buffer",-1.5353,0.1247,FALSE
"sp1_generalist_common","raw12","gam","auc","uniform+ - random",7.8191,1.064e-14,TRUE
"sp1_generalist_common","raw12","gam","tss","uniform+ - buffer",0.068,0.9458,FALSE
"sp1_generalist_common","raw12","gam","tss","uniform+ - random",8.6589,1.429e-17,TRUE
"sp1_generalist_common","raw12","gam","boyce","uniform+ - buffer",-2.6312,0.008508,TRUE
"sp1_generalist_common","raw12","gam","boyce","uniform+ - random",-7.0991,3.767e-12,TRUE
"sp1_generalist_common","raw12","rf","cor_truth","uniform+ - buffer",-8.8663,2.268e-18,TRUE
"sp1_generalist_common","raw12","rf","cor_truth","uniform+ - random",-7.8098,1.145e-14,TRUE
"sp1_generalist_common","raw12","rf","rmse_truth","uniform+ - buffer",5.6853,1.306e-08,TRUE
"sp1_generalist_common","raw12","rf","rmse_truth","uniform+ - random",11.4397,7.948e-30,TRUE
"sp1_generalist_common","raw12","rf","auc","uniform+ - buffer",-0.0875,0.9303,FALSE
"sp1_generalist_common","raw12","rf","auc","uniform+ - random",8.5879,1.771e-17,TRUE
"sp1_generalist_common","raw12","rf","tss","uniform+ - buffer",0.927,0.3539,FALSE
"sp1_generalist_common","raw12","rf","tss","uniform+ - random",9.1073,2.534e-19,TRUE
"sp1_generalist_common","raw12","rf","boyce","uniform+ - buffer",-3.883,0.0002063,TRUE
"sp1_generalist_common","raw12","rf","boyce","uniform+ - random",-4.9418,2.322e-06,TRUE
"sp1_generalist_common","raw12","brt","cor_truth","uniform+ - buffer",-7.6671,3.519e-14,TRUE
"sp1_generalist_common","raw12","brt","cor_truth","uniform+ - random",-9.5476,3.981e-21,TRUE
"sp1_generalist_common","raw12","brt","rmse_truth","uniform+ - buffer",5.9017,7.197e-09,TRUE
"sp1_generalist_common","raw12","brt","rmse_truth","uniform+ - random",11.3476,2.287e-29,TRUE
"sp1_generalist_common","raw12","brt","auc","uniform+ - buffer",0.7619,0.4461,FALSE
"sp1_generalist_common","raw12","brt","auc","uniform+ - random",9.0126,6.039e-19,TRUE
"sp1_generalist_common","raw12","brt","tss","uniform+ - buffer",1.5514,0.1208,FALSE
"sp1_generalist_common","raw12","brt","tss","uniform+ - random",9.3923,1.761e-20,TRUE
"sp1_generalist_common","raw12","brt","boyce","uniform+ - buffer",-2.4675,0.02721,TRUE
"sp1_generalist_common","raw12","brt","boyce","uniform+ - random",-4.5897,1.332e-05,TRUE
"sp1_generalist_common","raw12","maxent","cor_truth","uniform+ - buffer",-9.3128,3.734e-20,TRUE
"sp1_generalist_common","raw12","maxent","cor_truth","uniform+ - random",-7.8535,8.089e-15,TRUE
"sp1_generalist_common","raw12","maxent","rmse_truth","uniform+ - buffer",9.3336,3.071e-20,TRUE
"sp1_generalist_common","raw12","maxent","rmse_truth","uniform+ - random",7.605,5.7e-14,TRUE
"sp1_generalist_common","raw12","maxent","auc","uniform+ - buffer",0.2854,0.7753,FALSE
"sp1_generalist_common","raw12","maxent","auc","uniform+ - random",8.7744,5.157e-18,TRUE
"sp1_generalist_common","raw12","maxent","tss","uniform+ - buffer",0.9108,0.3624,FALSE
"sp1_generalist_common","raw12","maxent","tss","uniform+ - random",9.0886,3.008e-19,TRUE
"sp1_generalist_common","raw12","maxent","boyce","uniform+ - buffer",-2.9762,0.005838,TRUE
"sp1_generalist_common","raw12","maxent","boyce","uniform+ - random",-3.8117,0.0004141,TRUE
"sp2_specialist_common","pc5","glm","cor_truth","uniform+ - buffer",-4.928,8.306e-07,TRUE
"sp2_specialist_common","pc5","glm","cor_truth","uniform+ - random",-10.7814,1.265e-26,TRUE
"sp2_specialist_common","pc5","glm","rmse_truth","uniform+ - buffer",4.0557,4.999e-05,TRUE
"sp2_specialist_common","pc5","glm","rmse_truth","uniform+ - random",10.6456,5.487e-26,TRUE
"sp2_specialist_common","pc5","glm","auc","uniform+ - buffer",-2.5803,0.009872,TRUE
"sp2_specialist_common","pc5","glm","auc","uniform+ - random",6.9652,6.56e-12,TRUE
"sp2_specialist_common","pc5","glm","tss","uniform+ - buffer",0.2307,0.8175,FALSE
"sp2_specialist_common","pc5","glm","tss","uniform+ - random",8.6073,2.243e-17,TRUE
"sp2_specialist_common","pc5","glm","boyce","uniform+ - buffer",1.411,0.1583,FALSE
"sp2_specialist_common","pc5","glm","boyce","uniform+ - random",-4.5597,1.024e-05,TRUE
"sp2_specialist_common","pc5","gam","cor_truth","uniform+ - buffer",-3.1016,0.001925,TRUE
"sp2_specialist_common","pc5","gam","cor_truth","uniform+ - random",-10.0778,2.078e-23,TRUE
"sp2_specialist_common","pc5","gam","rmse_truth","uniform+ - buffer",2.967,0.003007,TRUE
"sp2_specialist_common","pc5","gam","rmse_truth","uniform+ - random",10.0792,2.049e-23,TRUE
"sp2_specialist_common","pc5","gam","auc","uniform+ - buffer",-0.5708,0.5681,FALSE
"sp2_specialist_common","pc5","gam","auc","uniform+ - random",7.2413,8.888e-13,TRUE
"sp2_specialist_common","pc5","gam","tss","uniform+ - buffer",-0.1416,0.8874,FALSE
"sp2_specialist_common","pc5","gam","tss","uniform+ - random",8.3375,1.517e-16,TRUE
"sp2_specialist_common","pc5","gam","boyce","uniform+ - buffer",-0.2381,0.8118,FALSE
"sp2_specialist_common","pc5","gam","boyce","uniform+ - random",-2.4874,0.0386,TRUE
"sp2_specialist_common","pc5","rf","cor_truth","uniform+ - buffer",-3.7633,0.0001677,TRUE
"sp2_specialist_common","pc5","rf","cor_truth","uniform+ - random",-10.0816,1.998e-23,TRUE
"sp2_specialist_common","pc5","rf","rmse_truth","uniform+ - buffer",3.5401,4e-04,TRUE
"sp2_specialist_common","pc5","rf","rmse_truth","uniform+ - random",10.3394,1.402e-24,TRUE
"sp2_specialist_common","pc5","rf","auc","uniform+ - buffer",-0.8748,0.3817,FALSE
"sp2_specialist_common","pc5","rf","auc","uniform+ - random",8.1951,5.007e-16,TRUE
"sp2_specialist_common","pc5","rf","tss","uniform+ - buffer",0.4347,0.6638,FALSE
"sp2_specialist_common","pc5","rf","tss","uniform+ - random",8.8752,2.095e-18,TRUE
"sp2_specialist_common","pc5","rf","boyce","uniform+ - buffer",-1.533,0.3759,FALSE
"sp2_specialist_common","pc5","rf","boyce","uniform+ - random",-1.4432,0.2979,FALSE
"sp2_specialist_common","pc5","brt","cor_truth","uniform+ - buffer",-4.2283,2.355e-05,TRUE
"sp2_specialist_common","pc5","brt","cor_truth","uniform+ - random",-10.4798,3.208e-25,TRUE
"sp2_specialist_common","pc5","brt","rmse_truth","uniform+ - buffer",3.6851,0.0002286,TRUE
"sp2_specialist_common","pc5","brt","rmse_truth","uniform+ - random",10.4085,6.805e-25,TRUE
"sp2_specialist_common","pc5","brt","auc","uniform+ - buffer",-1.4249,0.1542,FALSE
"sp2_specialist_common","pc5","brt","auc","uniform+ - random",7.8748,6.826e-15,TRUE
"sp2_specialist_common","pc5","brt","tss","uniform+ - buffer",-0.1456,0.8843,FALSE
"sp2_specialist_common","pc5","brt","tss","uniform+ - random",8.5684,2.099e-17,TRUE
"sp2_specialist_common","pc5","brt","boyce","uniform+ - buffer",-1.5629,0.2362,FALSE
"sp2_specialist_common","pc5","brt","boyce","uniform+ - random",-1.9933,0.1387,FALSE
"sp2_specialist_common","pc5","maxent","cor_truth","uniform+ - buffer",-6.5277,1.335e-10,TRUE
"sp2_specialist_common","pc5","maxent","cor_truth","uniform+ - random",-9.9067,1.168e-22,TRUE
"sp2_specialist_common","pc5","maxent","rmse_truth","uniform+ - buffer",6.7441,3.08e-11,TRUE
"sp2_specialist_common","pc5","maxent","rmse_truth","uniform+ - random",9.5937,2.55e-21,TRUE
"sp2_specialist_common","pc5","maxent","auc","uniform+ - buffer",-2.1179,0.03418,TRUE
"sp2_specialist_common","pc5","maxent","auc","uniform+ - random",7.5393,9.447e-14,TRUE
"sp2_specialist_common","pc5","maxent","tss","uniform+ - buffer",-0.6819,0.4953,FALSE
"sp2_specialist_common","pc5","maxent","tss","uniform+ - random",8.3167,1.809e-16,TRUE
"sp2_specialist_common","pc5","maxent","boyce","uniform+ - buffer",-2.5227,0.03494,TRUE
"sp2_specialist_common","pc5","maxent","boyce","uniform+ - random",-2.1728,0.05958,FALSE
"sp2_specialist_common","raw12","glm","cor_truth","uniform+ - buffer",-5.706,2.313e-08,TRUE
"sp2_specialist_common","raw12","glm","cor_truth","uniform+ - random",-10.908,3.168e-27,TRUE
"sp2_specialist_common","raw12","glm","rmse_truth","uniform+ - buffer",5.149,2.619e-07,TRUE
"sp2_specialist_common","raw12","glm","rmse_truth","uniform+ - random",11.1957,1.284e-28,TRUE
"sp2_specialist_common","raw12","glm","auc","uniform+ - buffer",-2.6091,0.009078,TRUE
"sp2_specialist_common","raw12","glm","auc","uniform+ - random",7.0976,2.538e-12,TRUE
"sp2_specialist_common","raw12","glm","tss","uniform+ - buffer",0.5431,0.5871,FALSE
"sp2_specialist_common","raw12","glm","tss","uniform+ - random",8.8242,3.307e-18,TRUE
"sp2_specialist_common","raw12","glm","boyce","uniform+ - buffer",2.5353,0.01124,TRUE
"sp2_specialist_common","raw12","glm","boyce","uniform+ - random",-4.8173,2.91e-06,TRUE
"sp2_specialist_common","raw12","gam","cor_truth","uniform+ - buffer",-4.714,2.429e-06,TRUE
"sp2_specialist_common","raw12","gam","cor_truth","uniform+ - random",-10.9471,2.059e-27,TRUE
"sp2_specialist_common","raw12","gam","rmse_truth","uniform+ - buffer",4.6081,4.064e-06,TRUE
"sp2_specialist_common","raw12","gam","rmse_truth","uniform+ - random",10.9287,2.522e-27,TRUE
"sp2_specialist_common","raw12","gam","auc","uniform+ - buffer",-1.0324,0.3019,FALSE
"sp2_specialist_common","raw12","gam","auc","uniform+ - random",5.8696,8.74e-09,TRUE
"sp2_specialist_common","raw12","gam","tss","uniform+ - buffer",-0.7989,0.4244,FALSE
"sp2_specialist_common","raw12","gam","tss","uniform+ - random",7.9543,3.603e-15,TRUE
"sp2_specialist_common","raw12","gam","boyce","uniform+ - buffer",-1.904,0.05691,FALSE
"sp2_specialist_common","raw12","gam","boyce","uniform+ - random",-6.502,2.378e-10,TRUE
"sp2_specialist_common","raw12","rf","cor_truth","uniform+ - buffer",-5.4827,4.188e-08,TRUE
"sp2_specialist_common","raw12","rf","cor_truth","uniform+ - random",-11.0898,4.219e-28,TRUE
"sp2_specialist_common","raw12","rf","rmse_truth","uniform+ - buffer",5.2319,1.678e-07,TRUE
"sp2_specialist_common","raw12","rf","rmse_truth","uniform+ - random",11.2302,8.695e-29,TRUE
"sp2_specialist_common","raw12","rf","auc","uniform+ - buffer",-1.738,0.08221,FALSE
"sp2_specialist_common","raw12","rf","auc","uniform+ - random",7.7634,1.654e-14,TRUE
"sp2_specialist_common","raw12","rf","tss","uniform+ - buffer",-0.3233,0.7464,FALSE
"sp2_specialist_common","raw12","rf","tss","uniform+ - random",8.4712,4.858e-17,TRUE
"sp2_specialist_common","raw12","rf","boyce","uniform+ - buffer",-2.1544,0.09362,FALSE
"sp2_specialist_common","raw12","rf","boyce","uniform+ - random",-1.5053,0.2645,FALSE
"sp2_specialist_common","raw12","brt","cor_truth","uniform+ - buffer",-5.8257,1.137e-08,TRUE
"sp2_specialist_common","raw12","brt","cor_truth","uniform+ - random",-11.1888,1.389e-28,TRUE
"sp2_specialist_common","raw12","brt","rmse_truth","uniform+ - buffer",5.5173,3.443e-08,TRUE
"sp2_specialist_common","raw12","brt","rmse_truth","uniform+ - random",11.366,1.853e-29,TRUE
"sp2_specialist_common","raw12","brt","auc","uniform+ - buffer",-2.0602,0.03938,TRUE
"sp2_specialist_common","raw12","brt","auc","uniform+ - random",7.602,5.831e-14,TRUE
"sp2_specialist_common","raw12","brt","tss","uniform+ - buffer",-0.6161,0.5378,FALSE
"sp2_specialist_common","raw12","brt","tss","uniform+ - random",8.2654,2.785e-16,TRUE
"sp2_specialist_common","raw12","brt","boyce","uniform+ - buffer",-1.4639,0.1432,FALSE
"sp2_specialist_common","raw12","brt","boyce","uniform+ - random",-4.1569,9.676e-05,TRUE
"sp2_specialist_common","raw12","maxent","cor_truth","uniform+ - buffer",-6.8224,1.791e-11,TRUE
"sp2_specialist_common","raw12","maxent","cor_truth","uniform+ - random",-10.4407,4.848e-25,TRUE
"sp2_specialist_common","raw12","maxent","rmse_truth","uniform+ - buffer",7.0203,4.427e-12,TRUE
"sp2_specialist_common","raw12","maxent","rmse_truth","uniform+ - random",10.2358,4.11e-24,TRUE
"sp2_specialist_common","raw12","maxent","auc","uniform+ - buffer",-1.7403,0.08181,FALSE
"sp2_specialist_common","raw12","maxent","auc","uniform+ - random",7.7415,1.965e-14,TRUE
"sp2_specialist_common","raw12","maxent","tss","uniform+ - buffer",-0.4656,0.6415,FALSE
"sp2_specialist_common","raw12","maxent","tss","uniform+ - random",8.3542,1.317e-16,TRUE
"sp2_specialist_common","raw12","maxent","boyce","uniform+ - buffer",-2.9831,0.005708,TRUE
"sp2_specialist_common","raw12","maxent","boyce","uniform+ - random",-3.6529,0.000778,TRUE
"sp3_generalist_rare","pc5","glm","cor_truth","uniform+ - buffer",-7.5014,1.263e-13,TRUE
"sp3_generalist_rare","pc5","glm","cor_truth","uniform+ - random",-9.7617,4.932e-22,TRUE
"sp3_generalist_rare","pc5","glm","rmse_truth","uniform+ - buffer",5.7636,1.647e-08,TRUE
"sp3_generalist_rare","pc5","glm","rmse_truth","uniform+ - random",11.465,5.935e-30,TRUE
"sp3_generalist_rare","pc5","glm","auc","uniform+ - buffer",-8.4544,8.419e-17,TRUE
"sp3_generalist_rare","pc5","glm","auc","uniform+ - random",-1.8759,0.06066,FALSE
"sp3_generalist_rare","pc5","glm","tss","uniform+ - buffer",-6.3824,3.488e-10,TRUE
"sp3_generalist_rare","pc5","glm","tss","uniform+ - random",0.7039,0.4815,FALSE
"sp3_generalist_rare","pc5","glm","boyce","uniform+ - buffer",-3.959,0.0001505,TRUE
"sp3_generalist_rare","pc5","glm","boyce","uniform+ - random",-4.3342,4.389e-05,TRUE
"sp3_generalist_rare","pc5","gam","cor_truth","uniform+ - buffer",-6.8753,1.237e-11,TRUE
"sp3_generalist_rare","pc5","gam","cor_truth","uniform+ - random",-10.3601,1.129e-24,TRUE
"sp3_generalist_rare","pc5","gam","rmse_truth","uniform+ - buffer",5.5518,2.827e-08,TRUE
"sp3_generalist_rare","pc5","gam","rmse_truth","uniform+ - random",11.3522,2.17e-29,TRUE
"sp3_generalist_rare","pc5","gam","auc","uniform+ - buffer",-1.716,0.08617,FALSE
"sp3_generalist_rare","pc5","gam","auc","uniform+ - random",7.2229,1.018e-12,TRUE
"sp3_generalist_rare","pc5","gam","tss","uniform+ - buffer",-1.3284,0.1841,FALSE
"sp3_generalist_rare","pc5","gam","tss","uniform+ - random",7.2905,6.176e-13,TRUE
"sp3_generalist_rare","pc5","gam","boyce","uniform+ - buffer",-2.0048,0.08997,FALSE
"sp3_generalist_rare","pc5","gam","boyce","uniform+ - random",-2.9186,0.01055,TRUE
"sp3_generalist_rare","pc5","rf","cor_truth","uniform+ - buffer",-8.719,8.42e-18,TRUE
"sp3_generalist_rare","pc5","rf","cor_truth","uniform+ - random",-8.5441,2.592e-17,TRUE
"sp3_generalist_rare","pc5","rf","rmse_truth","uniform+ - buffer",5.8879,7.825e-09,TRUE
"sp3_generalist_rare","pc5","rf","rmse_truth","uniform+ - random",11.3752,1.667e-29,TRUE
"sp3_generalist_rare","pc5","rf","auc","uniform+ - buffer",-1.7931,0.07296,FALSE
"sp3_generalist_rare","pc5","rf","auc","uniform+ - random",7.3829,3.098e-13,TRUE
"sp3_generalist_rare","pc5","rf","tss","uniform+ - buffer",-0.7004,0.4837,FALSE
"sp3_generalist_rare","pc5","rf","tss","uniform+ - random",7.5364,9.664e-14,TRUE
"sp3_generalist_rare","pc5","rf","boyce","uniform+ - buffer",-1.3557,0.3504,FALSE
"sp3_generalist_rare","pc5","rf","boyce","uniform+ - random",-1.7309,0.2504,FALSE
"sp3_generalist_rare","pc5","brt","cor_truth","uniform+ - buffer",-7.8766,6.73e-15,TRUE
"sp3_generalist_rare","pc5","brt","cor_truth","uniform+ - random",-9.3865,1.861e-20,TRUE
"sp3_generalist_rare","pc5","brt","rmse_truth","uniform+ - buffer",5.9293,6.085e-09,TRUE
"sp3_generalist_rare","pc5","brt","rmse_truth","uniform+ - random",11.3131,3.392e-29,TRUE
"sp3_generalist_rare","pc5","brt","auc","uniform+ - buffer",-3.4446,0.000572,TRUE
"sp3_generalist_rare","pc5","brt","auc","uniform+ - random",5.6577,3.069e-08,TRUE
"sp3_generalist_rare","pc5","brt","tss","uniform+ - buffer",-1.4781,0.1394,FALSE
"sp3_generalist_rare","pc5","brt","tss","uniform+ - random",6.7349,3.282e-11,TRUE
"sp3_generalist_rare","pc5","brt","boyce","uniform+ - buffer",-3.7265,0.0005824,TRUE
"sp3_generalist_rare","pc5","brt","boyce","uniform+ - random",-2.3984,0.03293,TRUE
"sp3_generalist_rare","pc5","maxent","cor_truth","uniform+ - buffer",-8.7696,5.377e-18,TRUE
"sp3_generalist_rare","pc5","maxent","cor_truth","uniform+ - random",-8.452,5.727e-17,TRUE
"sp3_generalist_rare","pc5","maxent","rmse_truth","uniform+ - buffer",8.8364,2.966e-18,TRUE
"sp3_generalist_rare","pc5","maxent","rmse_truth","uniform+ - random",7.7154,2.411e-14,TRUE
"sp3_generalist_rare","pc5","maxent","auc","uniform+ - buffer",-0.9967,0.3189,FALSE
"sp3_generalist_rare","pc5","maxent","auc","uniform+ - random",7.5222,1.078e-13,TRUE
"sp3_generalist_rare","pc5","maxent","tss","uniform+ - buffer",0.2777,0.7813,FALSE
"sp3_generalist_rare","pc5","maxent","tss","uniform+ - random",7.9735,4.627e-15,TRUE
"sp3_generalist_rare","pc5","maxent","boyce","uniform+ - buffer",-0.7297,0.4656,FALSE
"sp3_generalist_rare","pc5","maxent","boyce","uniform+ - random",1.213,0.4502,FALSE
"sp3_generalist_rare","raw12","glm","cor_truth","uniform+ - buffer",-6.8247,1.763e-11,TRUE
"sp3_generalist_rare","raw12","glm","cor_truth","uniform+ - random",-10.4384,4.967e-25,TRUE
"sp3_generalist_rare","raw12","glm","rmse_truth","uniform+ - buffer",5.7382,9.566e-09,TRUE
"sp3_generalist_rare","raw12","glm","rmse_truth","uniform+ - random",11.4834,4.797e-30,TRUE
"sp3_generalist_rare","raw12","glm","auc","uniform+ - buffer",-5.6934,2.491e-08,TRUE
"sp3_generalist_rare","raw12","glm","auc","uniform+ - random",3.0038,0.002666,TRUE
"sp3_generalist_rare","raw12","glm","tss","uniform+ - buffer",-5.07,7.958e-07,TRUE
"sp3_generalist_rare","raw12","glm","tss","uniform+ - random",3.11,0.001871,TRUE
"sp3_generalist_rare","raw12","glm","boyce","uniform+ - buffer",0.7481,0.4544,FALSE
"sp3_generalist_rare","raw12","glm","boyce","uniform+ - random",-1.3833,0.3331,FALSE
"sp3_generalist_rare","raw12","gam","cor_truth","uniform+ - buffer",-6.9651,6.565e-12,TRUE
"sp3_generalist_rare","raw12","gam","cor_truth","uniform+ - random",-10.298,2.158e-24,TRUE
"sp3_generalist_rare","raw12","gam","rmse_truth","uniform+ - buffer",5.7636,1.647e-08,TRUE
"sp3_generalist_rare","raw12","gam","rmse_truth","uniform+ - random",11.4995,3.98e-30,TRUE
"sp3_generalist_rare","raw12","gam","auc","uniform+ - buffer",-1.4524,0.1464,FALSE
"sp3_generalist_rare","raw12","gam","auc","uniform+ - random",7.4946,1.33e-13,TRUE
"sp3_generalist_rare","raw12","gam","tss","uniform+ - buffer",-0.7292,0.4659,FALSE
"sp3_generalist_rare","raw12","gam","tss","uniform+ - random",7.4575,1.763e-13,TRUE
"sp3_generalist_rare","raw12","gam","boyce","uniform+ - buffer",1.19,0.234,FALSE
"sp3_generalist_rare","raw12","gam","boyce","uniform+ - random",-2.1913,0.05687,FALSE
"sp3_generalist_rare","raw12","rf","cor_truth","uniform+ - buffer",-7.5037,1.241e-13,TRUE
"sp3_generalist_rare","raw12","rf","cor_truth","uniform+ - random",-9.7594,5.045e-22,TRUE
"sp3_generalist_rare","raw12","rf","rmse_truth","uniform+ - buffer",5.7843,1.457e-08,TRUE
"sp3_generalist_rare","raw12","rf","rmse_truth","uniform+ - random",11.4788,5.059e-30,TRUE
"sp3_generalist_rare","raw12","rf","auc","uniform+ - buffer",-2.9152,0.003555,TRUE
"sp3_generalist_rare","raw12","rf","auc","uniform+ - random",6.6854,4.605e-11,TRUE
"sp3_generalist_rare","raw12","rf","tss","uniform+ - buffer",-2.3444,0.01906,TRUE
"sp3_generalist_rare","raw12","rf","tss","uniform+ - random",6.6301,6.709e-11,TRUE
"sp3_generalist_rare","raw12","rf","boyce","uniform+ - buffer",-0.4788,0.6321,FALSE
"sp3_generalist_rare","raw12","rf","boyce","uniform+ - random",1.2038,0.4573,FALSE
"sp3_generalist_rare","raw12","brt","cor_truth","uniform+ - buffer",-8.795,4.293e-18,TRUE
"sp3_generalist_rare","raw12","brt","cor_truth","uniform+ - random",-8.4681,4.988e-17,TRUE
"sp3_generalist_rare","raw12","brt","rmse_truth","uniform+ - buffer",5.8625,9.117e-09,TRUE
"sp3_generalist_rare","raw12","brt","rmse_truth","uniform+ - random",11.4005,1.247e-29,TRUE
"sp3_generalist_rare","raw12","brt","auc","uniform+ - buffer",-2.4571,0.01401,TRUE
"sp3_generalist_rare","raw12","brt","auc","uniform+ - random",6.6555,5.646e-11,TRUE
"sp3_generalist_rare","raw12","brt","tss","uniform+ - buffer",-1.7416,0.08157,FALSE
"sp3_generalist_rare","raw12","brt","tss","uniform+ - random",6.9942,5.334e-12,TRUE
"sp3_generalist_rare","raw12","brt","boyce","uniform+ - buffer",-0.0898,0.9285,FALSE
"sp3_generalist_rare","raw12","brt","boyce","uniform+ - random",1.2498,0.4227,FALSE
"sp3_generalist_rare","raw12","maxent","cor_truth","uniform+ - buffer",-8.8364,2.966e-18,TRUE
"sp3_generalist_rare","raw12","maxent","cor_truth","uniform+ - random",-8.4267,7.113e-17,TRUE
"sp3_generalist_rare","raw12","maxent","rmse_truth","uniform+ - buffer",9.0689,3.608e-19,TRUE
"sp3_generalist_rare","raw12","maxent","rmse_truth","uniform+ - random",8.1321,8.442e-16,TRUE
"sp3_generalist_rare","raw12","maxent","auc","uniform+ - buffer",-1.5514,0.1208,FALSE
"sp3_generalist_rare","raw12","maxent","auc","uniform+ - random",7.3725,3.348e-13,TRUE
"sp3_generalist_rare","raw12","maxent","tss","uniform+ - buffer",-0.6752,0.4996,FALSE
"sp3_generalist_rare","raw12","maxent","tss","uniform+ - random",7.7161,2.398e-14,TRUE
"sp3_generalist_rare","raw12","maxent","boyce","uniform+ - buffer",-0.8632,0.3881,FALSE
"sp3_generalist_rare","raw12","maxent","boyce","uniform+ - random",1.8161,0.1387,FALSE
"sp4_specialist_rare","pc5","glm","cor_truth","uniform+ - buffer",-6.827,1.735e-11,TRUE
"sp4_specialist_rare","pc5","glm","cor_truth","uniform+ - random",-7.7983,1.882e-14,TRUE
"sp4_specialist_rare","pc5","glm","rmse_truth","uniform+ - buffer",4.1984,5.377e-05,TRUE
"sp4_specialist_rare","pc5","glm","rmse_truth","uniform+ - random",5.759,2.539e-08,TRUE
"sp4_specialist_rare","pc5","glm","auc","uniform+ - buffer",-4.51,1.945e-05,TRUE
"sp4_specialist_rare","pc5","glm","auc","uniform+ - random",-4.2303,4.669e-05,TRUE
"sp4_specialist_rare","pc5","glm","tss","uniform+ - buffer",-4.3048,5.014e-05,TRUE
"sp4_specialist_rare","pc5","glm","tss","uniform+ - random",-4.2219,4.845e-05,TRUE
"sp4_specialist_rare","pc5","glm","boyce","uniform+ - buffer",-0.4921,1,FALSE
"sp4_specialist_rare","pc5","glm","boyce","uniform+ - random",-0.7776,1,FALSE
"sp4_specialist_rare","pc5","gam","cor_truth","uniform+ - buffer",-0.6997,0.4841,FALSE
"sp4_specialist_rare","pc5","gam","cor_truth","uniform+ - random",-1.4547,0.4373,FALSE
"sp4_specialist_rare","pc5","gam","rmse_truth","uniform+ - buffer",0.847,0.397,FALSE
"sp4_specialist_rare","pc5","gam","rmse_truth","uniform+ - random",2.3501,0.05631,FALSE
"sp4_specialist_rare","pc5","gam","auc","uniform+ - buffer",0.1811,0.8563,FALSE
"sp4_specialist_rare","pc5","gam","auc","uniform+ - random",1.5869,0.3376,FALSE
"sp4_specialist_rare","pc5","gam","tss","uniform+ - buffer",0.2435,0.8076,FALSE
"sp4_specialist_rare","pc5","gam","tss","uniform+ - random",1.7402,0.2455,FALSE
"sp4_specialist_rare","pc5","gam","boyce","uniform+ - buffer",0.1457,0.8841,FALSE
"sp4_specialist_rare","pc5","gam","boyce","uniform+ - random",0.4337,1,FALSE
"sp4_specialist_rare","pc5","rf","cor_truth","uniform+ - buffer",0.7964,0.8516,FALSE
"sp4_specialist_rare","pc5","rf","cor_truth","uniform+ - random",-0.244,0.8072,FALSE
"sp4_specialist_rare","pc5","rf","rmse_truth","uniform+ - buffer",0.7757,0.4379,FALSE
"sp4_specialist_rare","pc5","rf","rmse_truth","uniform+ - random",2.5112,0.0361,TRUE
"sp4_specialist_rare","pc5","rf","auc","uniform+ - buffer",0.0163,0.987,FALSE
"sp4_specialist_rare","pc5","rf","auc","uniform+ - random",0.9738,0.9904,FALSE
"sp4_specialist_rare","pc5","rf","tss","uniform+ - buffer",0.2862,0.7747,FALSE
"sp4_specialist_rare","pc5","rf","tss","uniform+ - random",1.3508,0.5303,FALSE
"sp4_specialist_rare","pc5","rf","boyce","uniform+ - buffer",0.6859,0.9855,FALSE
"sp4_specialist_rare","pc5","rf","boyce","uniform+ - random",0.8747,1,FALSE
"sp4_specialist_rare","pc5","brt","cor_truth","uniform+ - buffer",-0.9967,0.6379,FALSE
"sp4_specialist_rare","pc5","brt","cor_truth","uniform+ - random",-1.4271,0.4607,FALSE
"sp4_specialist_rare","pc5","brt","rmse_truth","uniform+ - buffer",0.9874,0.6468,FALSE
"sp4_specialist_rare","pc5","brt","rmse_truth","uniform+ - random",1.9197,0.1647,FALSE
"sp4_specialist_rare","pc5","brt","auc","uniform+ - buffer",-0.5111,0.6093,FALSE
"sp4_specialist_rare","pc5","brt","auc","uniform+ - random",0.5803,1,FALSE
"sp4_specialist_rare","pc5","brt","tss","uniform+ - buffer",-0.1779,0.8588,FALSE
"sp4_specialist_rare","pc5","brt","tss","uniform+ - random",0.4654,1,FALSE
"sp4_specialist_rare","pc5","brt","boyce","uniform+ - buffer",1.1186,0.7899,FALSE
"sp4_specialist_rare","pc5","brt","boyce","uniform+ - random",0.5869,1,FALSE
"sp4_specialist_rare","pc5","maxent","cor_truth","uniform+ - buffer",-6.3873,5.064e-10,TRUE
"sp4_specialist_rare","pc5","maxent","cor_truth","uniform+ - random",-5.5104,7.162e-08,TRUE
"sp4_specialist_rare","pc5","maxent","rmse_truth","uniform+ - buffer",6.8178,2.774e-11,TRUE
"sp4_specialist_rare","pc5","maxent","rmse_truth","uniform+ - random",5.9638,4.928e-09,TRUE
"sp4_specialist_rare","pc5","maxent","auc","uniform+ - buffer",0.0863,0.9312,FALSE
"sp4_specialist_rare","pc5","maxent","auc","uniform+ - random",1.0031,0.9475,FALSE
"sp4_specialist_rare","pc5","maxent","tss","uniform+ - buffer",0.0312,0.9751,FALSE
"sp4_specialist_rare","pc5","maxent","tss","uniform+ - random",1.0946,0.821,FALSE
"sp4_specialist_rare","pc5","maxent","boyce","uniform+ - buffer",1.3534,0.5278,FALSE
"sp4_specialist_rare","pc5","maxent","boyce","uniform+ - random",0.6008,0.548,FALSE
"sp4_specialist_rare","raw12","glm","cor_truth","uniform+ - buffer",-4.8567,3.581e-06,TRUE
"sp4_specialist_rare","raw12","glm","cor_truth","uniform+ - random",-3.8991,0.0001931,TRUE
"sp4_specialist_rare","raw12","glm","rmse_truth","uniform+ - buffer",3.8048,0.0004258,TRUE
"sp4_specialist_rare","raw12","glm","rmse_truth","uniform+ - random",3.1212,0.003603,TRUE
"sp4_specialist_rare","raw12","glm","auc","uniform+ - buffer",-1.0796,0.841,FALSE
"sp4_specialist_rare","raw12","glm","auc","uniform+ - random",-0.4914,0.6231,FALSE
"sp4_specialist_rare","raw12","glm","tss","uniform+ - buffer",-1.2344,0.6511,FALSE
"sp4_specialist_rare","raw12","glm","tss","uniform+ - random",-0.6552,1,FALSE
"sp4_specialist_rare","raw12","glm","boyce","uniform+ - buffer",-0.0363,0.9711,FALSE
"sp4_specialist_rare","raw12","glm","boyce","uniform+ - random",-0.1166,1,FALSE
"sp4_specialist_rare","raw12","gam","cor_truth","uniform+ - buffer",-4.638,1.055e-05,TRUE
"sp4_specialist_rare","raw12","gam","cor_truth","uniform+ - random",-2.5434,0.02195,TRUE
"sp4_specialist_rare","raw12","gam","rmse_truth","uniform+ - buffer",4.417,3.002e-05,TRUE
"sp4_specialist_rare","raw12","gam","rmse_truth","uniform+ - random",2.5987,0.01872,TRUE
"sp4_specialist_rare","raw12","gam","auc","uniform+ - buffer",-1.9968,0.1375,FALSE
"sp4_specialist_rare","raw12","gam","auc","uniform+ - random",-1.2349,0.4337,FALSE
"sp4_specialist_rare","raw12","gam","tss","uniform+ - buffer",-1.8031,0.2141,FALSE
"sp4_specialist_rare","raw12","gam","tss","uniform+ - random",-1.1123,0.5321,FALSE
"sp4_specialist_rare","raw12","gam","boyce","uniform+ - buffer",1.6107,0.3217,FALSE
"sp4_specialist_rare","raw12","gam","boyce","uniform+ - random",0.0793,0.9368,FALSE
"sp4_specialist_rare","raw12","rf","cor_truth","uniform+ - buffer",-3.7311,0.0005719,TRUE
"sp4_specialist_rare","raw12","rf","cor_truth","uniform+ - random",-3.6437,0.0005376,TRUE
"sp4_specialist_rare","raw12","rf","rmse_truth","uniform+ - buffer",4.7485,4.099e-06,TRUE
"sp4_specialist_rare","raw12","rf","rmse_truth","uniform+ - random",5.561,8.047e-08,TRUE
"sp4_specialist_rare","raw12","rf","auc","uniform+ - buffer",-0.6416,1,FALSE
"sp4_specialist_rare","raw12","rf","auc","uniform+ - random",0.0555,0.9557,FALSE
"sp4_specialist_rare","raw12","rf","tss","uniform+ - buffer",-0.8631,0.7762,FALSE
"sp4_specialist_rare","raw12","rf","tss","uniform+ - random",0.1064,0.9152,FALSE
"sp4_specialist_rare","raw12","rf","boyce","uniform+ - buffer",-1.1048,0.8077,FALSE
"sp4_specialist_rare","raw12","rf","boyce","uniform+ - random",-0.5524,1,FALSE
"sp4_specialist_rare","raw12","brt","cor_truth","uniform+ - buffer",-4.8774,3.225e-06,TRUE
"sp4_specialist_rare","raw12","brt","cor_truth","uniform+ - random",-3.3467,0.001635,TRUE
"sp4_specialist_rare","raw12","brt","rmse_truth","uniform+ - buffer",5.1973,6.065e-07,TRUE
"sp4_specialist_rare","raw12","brt","rmse_truth","uniform+ - random",4.3664,2.526e-05,TRUE
"sp4_specialist_rare","raw12","brt","auc","uniform+ - buffer",-1.8604,0.1885,FALSE
"sp4_specialist_rare","raw12","brt","auc","uniform+ - random",-0.1716,0.8637,FALSE
"sp4_specialist_rare","raw12","brt","tss","uniform+ - buffer",-2.3116,0.0624,FALSE
"sp4_specialist_rare","raw12","brt","tss","uniform+ - random",-0.9777,0.3282,FALSE
"sp4_specialist_rare","raw12","brt","boyce","uniform+ - buffer",-1.3327,0.5479,FALSE
"sp4_specialist_rare","raw12","brt","boyce","uniform+ - random",-0.2624,0.793,FALSE
"sp4_specialist_rare","raw12","maxent","cor_truth","uniform+ - buffer",-6.484,2.68e-10,TRUE
"sp4_specialist_rare","raw12","maxent","cor_truth","uniform+ - random",-5.759,1.693e-08,TRUE
"sp4_specialist_rare","raw12","maxent","rmse_truth","uniform+ - buffer",7.0502,5.359e-12,TRUE
"sp4_specialist_rare","raw12","maxent","rmse_truth","uniform+ - random",6.415,2.817e-10,TRUE
"sp4_specialist_rare","raw12","maxent","auc","uniform+ - buffer",-1.4428,0.2982,FALSE
"sp4_specialist_rare","raw12","maxent","auc","uniform+ - random",0.5868,0.5573,FALSE
"sp4_specialist_rare","raw12","maxent","tss","uniform+ - buffer",-1.0984,0.5441,FALSE
"sp4_specialist_rare","raw12","maxent","tss","uniform+ - random",0.0023,0.9982,FALSE
"sp4_specialist_rare","raw12","maxent","boyce","uniform+ - buffer",-1.2775,0.4029,FALSE
"sp4_specialist_rare","raw12","maxent","boyce","uniform+ - random",0.3038,0.7613,FALSE
